,County,2009 Median Price,2010 Median Price,2013 Median Price,2012 Median Price
0,2166,74200.0,79400.0,81400.0,74300.0
1,1694,146580.0,143443.0,131788.0,143796.0
2,1203,180900.0,166100.0,189800.0,164100.0
3,2200,80300.0,71300.0,67300.0,67300.0
4,108,170800.0,165000.0,194800.0,177500.0
5,2446,164500.0,146700.0,158400.0,145400.0
6,1452,89000.0,90400.0,93200.0,92300.0
7,2024,100500.0,99900.0,100200.0,100100.0
8,1711,85100.0,86400.0,85900.0,87200.0
9,808,60600.0,67100.0,63100.0,66000.0
10,370,191700.0,182600.0,166500.0,174500.0
11,2254,125600.0,121600.0,118200.0,113300.0
12,910,109700.0,89089.0,85646.0,82229.0
13,730,205000.0,201100.0,210000.0,199900.0
14,259,88100.0,87300.0,82800.0,81300.0
15,1918,187200.0,177200.0,143300.0,150300.0
16,1241,155500.0,139300.0,126600.0,121100.0
17,1292,114800.0,116900.0,118900.0,117500.0
18,16,447200.0,432700.0,568100.0,454700.0
19,991,116700.0,111300.0,125100.0,117000.0
20,149,199600.0,193500.0,195500.0,192600.0
21,1652,197200.0,194800.0,213000.0,198300.0
22,376,282700.0,266900.0,268900.0,257800.0
23,1960,68379.0,62575.0,71870.0,66842.0
24,2175,115500.0,87400.0,76700.0,95500.0
25,721,131000.0,123900.0,121300.0,124000.0
26,290,414500.0,419100.0,457200.0,434000.0
27,1131,41900.0,26800.0,29600.0,27700.0
28,1005,96000.0,93400.0,92700.0,91400.0
29,1343,112500.0,107100.0,120800.0,110200.0
30,456,92700.0,86500.0,76800.0,77100.0
31,604,59300.0,59100.0,60100.0,63500.0
32,2093,82579.0,84304.0,79387.0,76249.0
33,23,110400.0,108600.0,111500.0,107500.0
34,1205,104500.0,102400.0,103900.0,102900.0
35,2315,62200.0,61000.0,62400.0,61900.0
36,355,81600.0,81900.0,79500.0,77200.0
37,1732,67400.0,65500.0,62500.0,61400.0
38,1154,264800.0,224300.0,219200.0,214900.0
39,710,213300.0,188400.0,205100.0,191000.0
40,777,135500.0,140600.0,134400.0,134500.0
41,1221,306300.0,306400.0,322300.0,312400.0
42,2139,65700.0,61700.0,50300.0,61100.0
43,1846,122300.0,121600.0,117900.0,119200.0
44,223,116900.0,114100.0,116200.0,109800.0
45,455,110100.0,109700.0,108400.0,107600.0
46,1485,76500.0,76000.0,79000.0,76000.0
47,2843,117500.0,113100.0,109500.0,111200.0
48,348,119000.0,124700.0,131700.0,126600.0
49,83,306800.0,297900.0,299400.0,285700.0
50,139,176900.0,164400.0,183000.0,164800.0
51,825,62400.0,54500.0,55800.0,59900.0
52,1818,110000.0,99600.0,99400.0,101300.0
53,468,133000.0,134400.0,122300.0,111700.0
54,1824,154700.0,151100.0,160900.0,152900.0
55,78,200600.0,199100.0,231600.0,208300.0
56,2375,99200.0,98400.0,107100.0,101100.0
57,1044,291000.0,245000.0,252300.0,235700.0
58,1920,51500.0,43900.0,51900.0,48000.0
59,202,513300.0,517900.0,578500.0,550800.0
60,477,84900.0,83500.0,84800.0,83500.0
61,1355,188500.0,183200.0,171400.0,184400.0
62,821,129300.0,117900.0,115000.0,120300.0
63,1512,110100.0,104600.0,106600.0,100600.0
64,368,87000.0,84400.0,82800.0,84300.0
65,1842,170700.0,152900.0,160000.0,159800.0
66,498,115200.0,111400.0,111500.0,110600.0
67,163,216000.0,202800.0,183200.0,181500.0
68,1792,77300.0,75700.0,74600.0,74500.0
69,630,94700.0,92600.0,95300.0,89900.0
70,461,192200.0,186300.0,182000.0,179600.0
71,1749,147700.0,146100.0,154600.0,147200.0
72,1505,145600.0,145000.0,133600.0,133100.0
73,2172,64200.0,63800.0,68300.0,66500.0
74,1766,129300.0,125100.0,120500.0,109600.0
75,977,88980.0,83443.0,96099.0,80188.0
76,228,166500.0,156700.0,165900.0,160200.0
77,1562,126600.0,114800.0,109400.0,105000.0
78,73,112400.0,103500.0,77400.0,73600.0
79,48,229100.0,213000.0,204400.0,196100.0
80,2511,58900.0,53400.0,55600.0,52500.0
81,1860,175500.0,172200.0,185300.0,174500.0
82,2077,130700.0,123400.0,120200.0,106000.0
83,1396,124600.0,115800.0,143200.0,119000.0
84,2089,50400.0,59800.0,64200.0,51400.0
85,2864,91000.0,92400.0,111900.0,102000.0
86,196,329200.0,332100.0,338100.0,326700.0
87,1593,86067.0,85332.0,88376.0,84652.0
88,1561,117800.0,114500.0,113800.0,110700.0
89,1443,117800.0,108100.0,107500.0,99200.0
90,1483,107700.0,100400.0,112400.0,104900.0
91,1662,85200.0,83900.0,83400.0,81700.0
92,1414,113700.0,114500.0,118700.0,114800.0
93,2043,69000.0,72000.0,68300.0,69100.0
94,1362,115300.0,101900.0,108700.0,99700.0
95,1428,112400.0,114800.0,118500.0,114200.0
96,2086,82500.0,81100.0,80900.0,80500.0
97,678,116100.0,115300.0,114100.0,112700.0
98,1279,158200.0,145400.0,143400.0,141000.0
99,1353,81600.0,73800.0,74800.0,74800.0
100,1931,128900.0,126300.0,120000.0,116200.0
101,253,261000.0,249000.0,240500.0,239600.0
102,1660,76500.0,75600.0,81700.0,78800.0
103,239,103600.0,101600.0,110200.0,97500.0
104,775,150400.0,151200.0,154400.0,147600.0
105,892,61600.0,66000.0,72000.0,72600.0
106,596,100500.0,99900.0,108100.0,108400.0
107,1567,93300.0,91700.0,92400.0,87400.0
108,479,179500.0,175400.0,176700.0,173400.0
109,2183,75100.0,74300.0,81300.0,76100.0
110,1480,193000.0,188100.0,183400.0,183300.0
111,2189,76800.0,78100.0,63800.0,70400.0
112,1214,119300.0,119200.0,119200.0,120400.0
113,471,61149.0,61504.0,70060.0,65288.0
114,645,127000.0,126100.0,131300.0,133500.0
115,2136,123400.0,121000.0,133700.0,124500.0
116,722,168100.0,162000.0,160000.0,163000.0
117,191,125300.0,121000.0,133000.0,123800.0
118,1778,125500.0,124500.0,126000.0,125300.0
119,2381,68000.0,64800.0,58000.0,60600.0
120,1628,138200.0,137400.0,139100.0,135500.0
121,2683,75800.0,72300.0,72300.0,72300.0
122,420,242100.0,233000.0,246900.0,234200.0
123,1913,66300.0,63900.0,65900.0,65200.0
124,235,169100.0,172900.0,175500.0,172300.0
125,1896,102200.0,95000.0,103200.0,99200.0
126,39,416700.0,400900.0,400300.0,377500.0
127,232,150000.0,146200.0,147500.0,142400.0
128,1359,154600.0,137187.0,140526.0,148850.0
129,119,164100.0,155700.0,147500.0,147000.0
130,306,183300.0,181300.0,179500.0,171900.0
131,1182,186300.0,180100.0,163000.0,163300.0
132,1287,101800.0,103700.0,102600.0,92900.0
133,1161,124700.0,123400.0,128100.0,123900.0
134,1288,100100.0,89800.0,72400.0,77400.0
135,2702,43000.0,44100.0,45700.0,44100.0
136,2859,130800.0,125400.0,121800.0,127200.0
137,2555,66600.0,74300.0,81500.0,68800.0
138,1563,125700.0,116500.0,129200.0,119400.0
139,307,106200.0,106300.0,115300.0,112300.0
140,2113,61500.0,60800.0,60000.0,60100.0
141,1848,424000.0,374100.0,365800.0,361000.0
142,312,100200.0,103400.0,105000.0,104400.0
143,1963,205300.0,203900.0,215900.0,205600.0
144,1949,48133.0,49896.0,62400.0,60126.0
145,1490,122500.0,106300.0,117700.0,121000.0
146,319,148000.0,140100.0,142000.0,137900.0
147,502,152000.0,150700.0,152900.0,149100.0
148,2143,167700.0,155800.0,157400.0,153300.0
149,2177,105200.0,101700.0,112600.0,105900.0
150,1894,77100.0,80200.0,83400.0,96100.0
151,1605,225000.0,204700.0,209900.0,199500.0
152,1358,160500.0,157300.0,146800.0,138400.0
153,726,95600.0,91800.0,91700.0,90000.0
154,830,105600.0,104800.0,109600.0,108000.0
155,1507,142100.0,133300.0,128800.0,126200.0
156,1493,168700.0,167800.0,177300.0,175800.0
157,327,159700.0,157100.0,153800.0,152400.0
158,1281,146200.0,146100.0,149100.0,145100.0
159,2786,75600.0,86800.0,96500.0,88400.0
160,2050,49900.0,47300.0,55800.0,60600.0
161,1886,89700.0,86700.0,92200.0,86800.0
162,1335,151600.0,153200.0,152100.0,152800.0
163,764,176000.0,168000.0,162700.0,163800.0
164,2564,69700.0,68700.0,84900.0,74800.0
165,155,309300.0,304600.0,347400.0,319500.0
166,2126,160400.0,149500.0,157400.0,147900.0
167,2515,61700.0,61800.0,61900.0,61500.0
168,927,109000.0,108600.0,103300.0,105500.0
169,1378,89800.0,88500.0,95000.0,90300.0
170,3000,91835.0,96848.0,137233.0,124944.0
171,1528,145900.0,141900.0,161400.0,148700.0
172,1533,91500.0,86400.0,81400.0,84600.0
173,1748,113200.0,112900.0,112100.0,111000.0
174,1746,98600.0,82200.0,82900.0,78000.0
175,509,96800.0,111100.0,121400.0,116400.0
176,377,116200.0,111700.0,115500.0,113000.0
177,1565,79000.0,76000.0,79700.0,74700.0
178,1213,151000.0,149600.0,152300.0,147800.0
179,1258,146700.0,148200.0,147000.0,147300.0
180,925,71800.0,79200.0,81200.0,79300.0
181,861,128600.0,128500.0,133600.0,131500.0
182,1188,128100.0,109700.0,121400.0,113600.0
183,2372,117200.0,120300.0,133800.0,124300.0
184,949,90600.0,86900.0,85500.0,85100.0
185,80,245500.0,238200.0,239800.0,226800.0
186,595,283600.0,284100.0,286500.0,272800.0
187,20,307000.0,298100.0,319200.0,290100.0
188,2276,73382.0,70736.0,65241.0,59650.0
189,211,107500.0,102500.0,99600.0,101300.0
190,550,263000.0,265300.0,286300.0,271700.0
191,1160,138400.0,129200.0,154600.0,129000.0
192,1928,135100.0,132500.0,137200.0,131400.0
193,2358,63800.0,66500.0,62300.0,64100.0
194,642,96400.0,95500.0,94400.0,94700.0
195,1631,66500.0,65500.0,67700.0,64700.0
196,177,137800.0,133200.0,131500.0,129300.0
197,352,216600.0,205300.0,191400.0,185800.0
198,1728,197000.0,188300.0,188300.0,186500.0
199,665,80200.0,81000.0,83500.0,83800.0
200,906,89857.0,89003.0,95167.0,90078.0
201,1384,85100.0,83500.0,83000.0,82000.0
202,71,291000.0,284700.0,277900.0,266900.0
203,2071,78500.0,81100.0,84700.0,80400.0
204,627,132500.0,135200.0,154000.0,149000.0
205,1427,118800.0,125100.0,120300.0,124300.0
206,1439,136700.0,126200.0,128700.0,122500.0
207,182,194400.0,183600.0,193800.0,185300.0
208,1673,82400.0,76700.0,72500.0,73400.0
209,2058,64400.0,66800.0,57400.0,58200.0
210,403,96100.0,87100.0,93700.0,90400.0
211,1403,169800.0,171800.0,231100.0,205000.0
212,2844,86700.0,85600.0,94100.0,89100.0
213,105,229100.0,217100.0,203500.0,197100.0
214,1588,165100.0,163500.0,176500.0,165800.0
215,990,141400.0,130800.0,126100.0,130900.0
216,1457,103400.0,106000.0,101800.0,101300.0
217,1587,90000.0,89800.0,94100.0,92500.0
218,2605,75100.0,82400.0,90600.0,81000.0
219,129,133700.0,132400.0,131500.0,124800.0
220,225,162465.0,165220.0,176457.0,171591.0
221,192,213300.0,199800.0,211200.0,183900.0
222,1817,111300.0,86600.0,92800.0,83300.0
223,231,148600.0,141600.0,139100.0,140400.0
224,1369,84200.0,84200.0,81200.0,82700.0
225,1340,191100.0,189800.0,191100.0,183400.0
226,1237,99625.0,98936.0,102873.0,99935.0
227,2029,40977.0,41739.0,40546.0,41061.0
228,634,229500.0,214000.0,211500.0,184700.0
229,1259,97800.0,101600.0,107000.0,98600.0
230,2316,60700.0,61900.0,58500.0,59000.0
231,2708,69800.0,73700.0,74100.0,74100.0
232,2366,82600.0,79100.0,72000.0,73400.0
233,425,96800.0,93400.0,83100.0,88200.0
234,1632,98500.0,96900.0,103600.0,98200.0
235,786,133415.0,132458.0,134805.0,132381.0
236,2774,37900.0,33100.0,33600.0,36600.0
237,1313,64600.0,63300.0,62800.0,59000.0
238,1847,91400.0,90800.0,96600.0,92000.0
239,2309,77700.0,76500.0,81500.0,76900.0
240,1575,117900.0,116800.0,116100.0,114500.0
241,1639,102900.0,105100.0,104100.0,105800.0
242,603,144800.0,143700.0,139300.0,139700.0
243,411,302400.0,283100.0,277100.0,295000.0
244,288,92500.0,90200.0,70400.0,72000.0
245,1526,145400.0,135500.0,117500.0,122400.0
246,1576,140700.0,136500.0,176000.0,168400.0
247,91,180000.0,171700.0,150700.0,152700.0
248,3088,145400.0,138600.0,136400.0,136500.0
249,1201,73400.0,74000.0,74200.0,71100.0
250,2328,89700.0,86400.0,90800.0,85400.0
251,404,120300.0,117200.0,118900.0,117900.0
252,1607,77100.0,77000.0,77200.0,75400.0
253,559,133900.0,129300.0,129300.0,127600.0
254,1558,232700.0,231100.0,241300.0,239000.0
255,336,135300.0,134400.0,141500.0,136500.0
256,1021,95400.0,90000.0,95800.0,93900.0
257,1263,138000.0,110900.0,131100.0,114000.0
258,1419,117000.0,116400.0,119600.0,118200.0
259,383,322500.0,312200.0,294400.0,291400.0
260,496,145800.0,137900.0,131300.0,129900.0
261,2232,111787.0,109071.0,124750.0,114331.0
262,2902,95600.0,88200.0,106800.0,102000.0
263,741,134600.0,135000.0,127700.0,123000.0
264,768,178800.0,146300.0,155500.0,151400.0
265,809,164100.0,157300.0,159400.0,153400.0
266,819,122500.0,117600.0,118200.0,124100.0
267,1346,97800.0,84600.0,92300.0,79200.0
268,2068,92700.0,92700.0,105500.0,101000.0
269,1927,74700.0,76600.0,70900.0,74300.0
270,1864,88000.0,87000.0,78400.0,80600.0
271,243,290100.0,271000.0,275600.0,267600.0
272,1541,197900.0,195300.0,196800.0,189700.0
273,800,79100.0,80500.0,83000.0,77300.0
274,1745,60600.0,63000.0,63900.0,61500.0
275,555,187500.0,161800.0,173500.0,150200.0
276,2914,73500.0,73200.0,76100.0,73200.0
277,2042,66689.0,68936.0,64265.0,66251.0
278,612,71000.0,69900.0,70700.0,70200.0
279,543,92200.0,88900.0,89100.0,87700.0
280,488,243800.0,229400.0,208300.0,209000.0
281,402,245500.0,236700.0,256700.0,241100.0
282,1402,147400.0,164200.0,168300.0,166900.0
283,2280,62100.0,65400.0,54400.0,65100.0
284,1983,59600.0,56500.0,54900.0,55900.0
285,1518,98000.0,92500.0,90200.0,87000.0
286,807,112200.0,111100.0,113800.0,108300.0
287,1365,153100.0,149300.0,151600.0,145800.0
288,1293,156000.0,159100.0,166800.0,154800.0
289,844,130389.0,127520.0,133698.0,128997.0
290,1726,78700.0,77000.0,82700.0,78100.0
291,2217,108300.0,104800.0,116500.0,109000.0
292,2887,95500.0,95500.0,95400.0,95400.0
293,864,84900.0,87300.0,86700.0,76700.0
294,2707,80200.0,47700.0,59100.0,55600.0
295,271,114300.0,107900.0,105200.0,103200.0
296,1466,121700.0,116000.0,116600.0,115700.0
297,433,71700.0,70200.0,69500.0,68500.0
298,434,103300.0,100700.0,105000.0,103900.0
299,371,212400.0,204900.0,200800.0,196600.0
300,2076,115200.0,116700.0,120600.0,119100.0
301,1941,90000.0,88200.0,88800.0,86900.0
302,272,182600.0,184910.0,190914.0,185742.0
303,648,89700.0,89800.0,95500.0,91800.0
304,951,241600.0,235900.0,242400.0,232000.0
305,754,56187.0,54374.0,56162.0,49562.0
306,1669,161100.0,159700.0,172700.0,162700.0
307,1253,127200.0,125600.0,123800.0,123500.0
308,692,110272.0,93049.0,96739.0,97452.0
309,285,268600.0,253200.0,249200.0,238200.0
310,135,218800.0,208400.0,230100.0,208600.0
311,1783,146546.0,133291.0,153028.0,130384.0
312,1283,120900.0,108100.0,123600.0,109300.0
313,1581,234700.0,228600.0,232400.0,222800.0
314,1234,143000.0,136200.0,130200.0,127200.0
315,1469,221200.0,216400.0,225700.0,215100.0
316,2199,71000.0,67700.0,62600.0,57600.0
317,298,75700.0,73900.0,76100.0,74200.0
318,1458,75167.0,74082.0,73685.0,73023.0
319,701,135100.0,133100.0,134900.0,131300.0
320,1776,109500.0,115200.0,81700.0,82700.0
321,466,214900.0,195500.0,207400.0,190900.0
322,408,82700.0,83500.0,91000.0,89800.0
323,589,82500.0,82800.0,89600.0,87900.0
324,834,95000.0,97200.0,84100.0,82200.0
325,1248,171100.0,163100.0,168300.0,152700.0
326,2528,73600.0,74800.0,78100.0,74700.0
327,2065,62000.0,63400.0,58600.0,61100.0
328,820,132100.0,124600.0,120100.0,115500.0
329,617,79800.0,78000.0,77100.0,75100.0
330,554,65200.0,63800.0,70500.0,67300.0
331,1525,70900.0,68900.0,72500.0,69900.0
332,190,247100.0,236200.0,229500.0,225200.0
333,1413,172500.0,164100.0,162300.0,160000.0
334,94,303900.0,293400.0,297700.0,287200.0
335,964,84100.0,81000.0,82900.0,81800.0
336,144,201000.0,186900.0,183100.0,175200.0
337,2666,66900.0,62500.0,63000.0,67600.0
338,2901,83500.0,83500.0,82900.0,82900.0
339,652,97000.0,91600.0,103000.0,101800.0
340,704,75900.0,74400.0,71900.0,69700.0
341,2527,71000.0,74800.0,66300.0,67700.0
342,512,146700.0,126600.0,132300.0,127500.0
343,564,158100.0,152600.0,164200.0,150800.0
344,268,248900.0,250200.0,268800.0,258500.0
345,2023,70600.0,70900.0,67200.0,68600.0
346,460,98400.0,96100.0,97500.0,95800.0
347,1410,128500.0,125800.0,129300.0,123000.0
348,847,162200.0,121000.0,133400.0,118400.0
349,2469,115600.0,115700.0,115900.0,116000.0
350,1303,110100.0,99700.0,92400.0,87100.0
351,125,279600.0,259700.0,278700.0,253700.0
352,2698,50500.0,48800.0,46900.0,46200.0
353,2878,67900.0,70800.0,66600.0,70100.0
354,1712,86800.0,99400.0,90500.0,91500.0
355,1434,214500.0,208700.0,200800.0,189100.0
356,744,93900.0,88000.0,83200.0,85900.0
357,695,76800.0,78800.0,80000.0,85500.0
358,2509,62200.0,59900.0,60100.0,64300.0
359,1347,108182.0,110469.0,100577.0,108404.0
360,1661,134600.0,131700.0,126700.0,129600.0
361,10,145000.0,132600.0,169100.0,134700.0
362,292,91500.0,88100.0,86400.0,83700.0
363,113,214600.0,202900.0,222100.0,197900.0
364,1336,132800.0,125500.0,123300.0,119700.0
365,2668,81200.0,92700.0,76700.0,80200.0
366,1014,292600.0,265900.0,282000.0,275100.0
367,723,248200.0,223700.0,212400.0,204000.0
368,1260,158500.0,142900.0,139600.0,129500.0
369,969,90700.0,88300.0,99600.0,97100.0
370,2463,66400.0,63900.0,74100.0,63600.0
371,1768,75400.0,78100.0,82000.0,77900.0
372,536,142400.0,138400.0,149400.0,144100.0
373,1246,146700.0,142000.0,140300.0,135300.0
374,1067,167800.0,131700.0,125800.0,122500.0
375,2347,81000.0,80900.0,81600.0,78700.0
376,1236,52600.0,45500.0,54600.0,42200.0
377,2078,87110.0,90821.0,95579.0,91683.0
378,1087,213800.0,212300.0,227800.0,215900.0
379,430,58800.0,57800.0,58200.0,58100.0
380,2383,103200.0,94200.0,102700.0,93700.0
381,2516,86700.0,80500.0,76000.0,90900.0
382,835,121500.0,117300.0,121400.0,120500.0
383,214,133000.0,133600.0,134100.0,129700.0
384,382,88800.0,87300.0,82800.0,81400.0
385,172,129100.0,128600.0,128300.0,127200.0
386,602,96900.0,97500.0,99300.0,99000.0
387,1635,105300.0,101800.0,95500.0,101500.0
388,1985,87200.0,84500.0,75700.0,79200.0
389,1423,119800.0,128200.0,129000.0,119800.0
390,429,108000.0,108700.0,112000.0,108800.0
391,672,99000.0,102200.0,92900.0,91200.0
392,699,104600.0,112400.0,118400.0,112100.0
393,1179,174300.0,160500.0,167100.0,153200.0
394,305,150700.0,139900.0,120500.0,137400.0
395,1659,64700.0,63500.0,65900.0,63900.0
396,300,262500.0,244400.0,248400.0,229800.0
397,594,117200.0,106700.0,107200.0,114700.0
398,2013,73400.0,72200.0,69600.0,68900.0
399,1514,94300.0,89800.0,94000.0,89300.0
400,561,84500.0,79300.0,83600.0,90100.0
401,1418,142200.0,129300.0,130800.0,129600.0
402,1508,74300.0,73300.0,70600.0,74900.0
403,1997,136400.0,136400.0,136300.0,136400.0
404,703,91400.0,83700.0,85300.0,82700.0
405,1212,230600.0,217700.0,240400.0,223200.0
406,54,202200.0,200800.0,223700.0,205800.0
407,959,163700.0,152300.0,138000.0,141100.0
408,2494,86900.0,85400.0,92300.0,86600.0
409,2170,78500.0,77500.0,72400.0,71500.0
410,1451,104900.0,98900.0,98200.0,96800.0
411,1326,169400.0,156500.0,156800.0,150800.0
412,507,216300.0,196900.0,208500.0,196600.0
413,599,202000.0,176800.0,189400.0,161000.0
414,482,109100.0,110800.0,113200.0,111200.0
415,544,153800.0,148300.0,143100.0,143400.0
416,347,73100.0,67800.0,70500.0,69700.0
417,540,91200.0,88400.0,83100.0,85600.0
418,898,159100.0,131300.0,158400.0,124000.0
419,1351,209600.0,198200.0,227400.0,213100.0
420,318,89900.0,93900.0,85200.0,86700.0
421,2300,52900.0,52500.0,55500.0,52700.0
422,2495,55500.0,55800.0,56300.0,56300.0
423,27,339500.0,326700.0,423500.0,335300.0
424,2108,183000.0,181600.0,195000.0,189700.0
425,1156,199500.0,178200.0,173100.0,157300.0
426,1629,98700.0,96500.0,102700.0,97600.0
427,1697,99400.0,96200.0,98500.0,98400.0
428,508,154700.0,144500.0,146400.0,138200.0
429,2187,64400.0,66900.0,60700.0,62100.0
430,600,99400.0,99400.0,101900.0,100100.0
431,1422,101300.0,99000.0,97500.0,98000.0
432,727,73900.0,74700.0,74000.0,72600.0
433,2618,55200.0,56200.0,46000.0,54300.0
434,715,103100.0,110100.0,87300.0,90200.0
435,2246,75100.0,91500.0,72400.0,69600.0
436,1325,151600.0,142600.0,146600.0,135900.0
437,1651,64200.0,66100.0,54700.0,66300.0
438,362,163900.0,158800.0,158800.0,148900.0
439,1930,68632.0,67440.0,69898.0,70541.0
440,1135,88800.0,64700.0,72500.0,72200.0
441,385,101100.0,98100.0,102400.0,97600.0
442,359,146000.0,143200.0,133000.0,131900.0
443,515,97800.0,97600.0,95500.0,95300.0
444,1065,68900.0,66900.0,67100.0,68400.0
445,1623,66800.0,66000.0,66000.0,66000.0
446,1940,62400.0,55200.0,54400.0,56500.0
447,1807,106100.0,104800.0,106800.0,105500.0
448,651,64949.0,66381.0,61511.0,62586.0
449,409,78500.0,78700.0,77300.0,76800.0
450,473,83300.0,84200.0,79000.0,80800.0
451,2056,77182.0,78068.0,72383.0,67255.0
452,588,88900.0,80400.0,79700.0,82800.0
453,2295,62900.0,60300.0,64800.0,66200.0
454,904,144800.0,130300.0,148000.0,140500.0
455,2918,62000.0,62000.0,62000.0,62000.0
456,1474,128800.0,125200.0,133600.0,125800.0
457,1405,107900.0,105619.0,107549.0,104058.0
458,622,192200.0,174800.0,210100.0,188200.0
459,2425,65700.0,66600.0,57000.0,62500.0
460,161,213900.0,213800.0,218800.0,214500.0
461,142,109300.0,110000.0,100200.0,101100.0
462,267,145400.0,138900.0,127200.0,126700.0
463,184,181200.0,177400.0,176000.0,173700.0
464,1495,112600.0,112700.0,102600.0,104900.0
465,1085,87200.0,96400.0,94600.0,90700.0
466,867,225500.0,222500.0,234000.0,223900.0
467,886,258200.0,232400.0,242200.0,225000.0
468,2045,84971.0,84817.0,88914.0,87861.0
469,22,108900.0,106900.0,98200.0,94700.0
470,1911,108800.0,105400.0,100800.0,96000.0
471,121,207600.0,194000.0,213100.0,196400.0
472,902,106818.0,95181.0,108134.0,102846.0
473,1097,49700.0,50700.0,48600.0,45700.0
474,491,164900.0,164700.0,178000.0,171900.0
475,1906,66800.0,64700.0,69400.0,70800.0
476,6,118300.0,115100.0,117400.0,111500.0
477,98,205300.0,201500.0,203400.0,193600.0
478,660,60315.0,58191.0,54520.0,56921.0
479,756,279700.0,265200.0,275400.0,270400.0
480,568,98000.0,96000.0,142100.0,137500.0
481,478,68400.0,65000.0,62500.0,62500.0
482,167,151900.0,145100.0,138700.0,135700.0
483,251,114500.0,111200.0,102800.0,101300.0
484,69,147600.0,139200.0,151700.0,139600.0
485,684,143300.0,139800.0,140600.0,139200.0
486,1717,68500.0,67600.0,72700.0,70900.0
487,1368,96600.0,99100.0,98600.0,97800.0
488,1216,234100.0,219900.0,232700.0,207400.0
489,1830,181400.0,170100.0,175100.0,160900.0
490,859,75275.0,73338.0,82715.0,82481.0
491,2853,47700.0,47100.0,51400.0,47400.0
492,1436,87000.0,85800.0,80800.0,81300.0
493,1591,98147.0,95037.0,89468.0,89262.0
494,1674,81500.0,76400.0,78200.0,72300.0
495,2241,67100.0,67800.0,76400.0,70600.0
496,1357,162200.0,145000.0,132900.0,124400.0
497,3093,101300.0,98000.0,93700.0,93400.0
498,256,148800.0,147500.0,141600.0,144700.0
499,593,139300.0,138600.0,135500.0,135900.0
500,2040,92200.0,91300.0,79800.0,79600.0
501,1789,105000.0,109400.0,85300.0,85600.0
502,1955,61100.0,55300.0,57500.0,55900.0
503,2135,101300.0,90000.0,94900.0,90900.0
504,702,77300.0,91600.0,89500.0,90500.0
505,1178,131500.0,119300.0,113300.0,92300.0
506,1879,93500.0,89100.0,92100.0,86900.0
507,805,216200.0,186900.0,175300.0,166000.0
508,953,111300.0,119000.0,123600.0,119100.0
509,1333,82500.0,80400.0,77400.0,77900.0
510,609,130300.0,124800.0,114600.0,117100.0
511,237,231100.0,227000.0,236500.0,228100.0
512,679,133000.0,127700.0,130800.0,129700.0
513,79,206900.0,197600.0,181000.0,182200.0
514,787,165715.0,154540.0,155125.0,149741.0
515,1642,47900.0,50400.0,65500.0,63900.0
516,2689,59200.0,54600.0,55800.0,54000.0
517,65,184700.0,183200.0,195000.0,183700.0
518,76,215500.0,208700.0,252700.0,229200.0
519,690,72300.0,72000.0,74300.0,72900.0
520,266,195900.0,187400.0,238700.0,193600.0
521,2506,79900.0,80900.0,76400.0,78600.0
522,970,172900.0,172600.0,174700.0,168000.0
523,1868,96600.0,90600.0,89500.0,88500.0
524,597,107100.0,109100.0,109700.0,107900.0
525,1757,147962.0,133123.0,121141.0,122150.0
526,75,353100.0,356000.0,428700.0,384700.0
527,1914,66000.0,62800.0,64300.0,61700.0
528,923,146800.0,144600.0,148000.0,142500.0
529,1646,97200.0,91400.0,97800.0,97600.0
530,410,131900.0,128100.0,126200.0,125000.0
531,1251,161500.0,158400.0,146900.0,139600.0
532,816,152700.0,150400.0,151700.0,154200.0
533,774,147700.0,134100.0,123500.0,118000.0
534,296,157100.0,153500.0,155000.0,149700.0
535,1374,91200.0,87700.0,76600.0,80800.0
536,158,305800.0,297500.0,344300.0,313800.0
537,1316,108400.0,96400.0,98000.0,87300.0
538,1344,181100.0,179100.0,171400.0,169800.0
539,738,157800.0,152800.0,176800.0,148800.0
540,89,130000.0,126100.0,130200.0,128300.0
541,616,269400.0,244100.0,268400.0,236700.0
542,349,143900.0,137600.0,136800.0,124100.0
543,706,229000.0,215200.0,220800.0,222600.0
544,647,110900.0,108100.0,111800.0,106100.0
545,1169,252900.0,231700.0,241800.0,223500.0
546,1597,111900.0,112400.0,115600.0,112900.0
547,393,129500.0,136600.0,137800.0,138800.0
548,971,585300.0,601200.0,609200.0,590200.0
549,2182,57385.0,56293.0,55484.0,55241.0
550,1578,125300.0,124100.0,117800.0,118000.0
551,539,77600.0,74400.0,71800.0,74600.0
552,1232,161200.0,158700.0,157700.0,152900.0
553,153,263200.0,250300.0,230000.0,221600.0
554,1172,127700.0,112300.0,112000.0,96900.0
555,2861,61800.0,63100.0,62700.0,61700.0
556,2173,68500.0,69700.0,69300.0,68400.0
557,577,562400.0,501400.0,510600.0,456200.0
558,2585,85300.0,84000.0,71100.0,67400.0
559,1196,149500.0,146900.0,138900.0,140700.0
560,2697,130500.0,133400.0,142000.0,139400.0
561,1354,115600.0,110800.0,115900.0,110600.0
562,379,122200.0,121600.0,124800.0,121400.0
563,1311,104700.0,106100.0,128500.0,118200.0
564,1509,140200.0,126800.0,120300.0,113600.0
565,547,56300.0,52900.0,52200.0,52200.0
566,824,101900.0,101000.0,101600.0,99000.0
567,2118,85200.0,79500.0,83700.0,81200.0
568,1521,154300.0,145100.0,141800.0,134800.0
569,1680,115800.0,106200.0,115100.0,116100.0
570,229,310100.0,293800.0,345900.0,288400.0
571,72,194000.0,188600.0,199100.0,189800.0
572,1175,115100.0,114300.0,109800.0,111500.0
573,875,299100.0,289900.0,335300.0,299600.0
574,1863,82700.0,80700.0,68900.0,69800.0
575,781,66118.0,65972.0,69552.0,68094.0
576,1256,115200.0,117500.0,114800.0,121200.0
577,606,206900.0,195900.0,224900.0,213700.0
578,280,131000.0,137900.0,138000.0,130700.0
579,436,171600.0,175700.0,162200.0,160200.0
580,1767,141200.0,129600.0,135600.0,128400.0
581,2222,66513.0,65115.0,59307.0,61736.0
582,1705,120800.0,114400.0,117700.0,111300.0
583,2714,133500.0,133500.0,51200.0,47100.0
584,1634,104500.0,103200.0,111300.0,105000.0
585,37,121500.0,123300.0,128500.0,123000.0
586,447,109700.0,110100.0,111500.0,109200.0
587,162,104300.0,104300.0,108600.0,108600.0
588,709,77356.0,76000.0,85300.0,88900.0
589,1217,112900.0,103900.0,93600.0,89200.0
590,56,304800.0,301400.0,325800.0,297200.0
591,53,327900.0,306700.0,294500.0,285100.0
592,698,140100.0,131800.0,140200.0,124000.0
593,1055,175200.0,159200.0,155900.0,150000.0
594,358,93700.0,87900.0,83900.0,84100.0
595,1367,241300.0,243800.0,239800.0,245700.0
596,884,408500.0,399200.0,460000.0,424500.0
597,26,421000.0,426100.0,482100.0,448900.0
598,38,327800.0,320300.0,308700.0,299400.0
599,286,134800.0,134400.0,138100.0,133400.0
600,862,56300.0,51300.0,44800.0,47500.0
601,1040,560800.0,576400.0,660200.0,586700.0
602,2262,70000.0,70000.0,69900.0,69900.0
603,1816,155300.0,145900.0,143600.0,135600.0
604,1683,74500.0,72600.0,76900.0,73000.0
605,1004,75800.0,74400.0,81600.0,83000.0
606,343,124600.0,122500.0,128000.0,119200.0
607,497,273700.0,278700.0,314400.0,286900.0
608,2568,71865.0,68588.0,59592.0,61342.0
609,1356,215700.0,197800.0,196800.0,179800.0
610,2205,59700.0,57600.0,53500.0,54600.0
611,154,142500.0,140100.0,139700.0,138100.0
612,798,94200.0,87400.0,83600.0,80000.0
613,295,72500.0,72400.0,74700.0,74100.0
614,707,160400.0,150500.0,157800.0,153500.0
615,2204,167100.0,166000.0,164900.0,164600.0
616,1890,74300.0,70900.0,63800.0,64000.0
617,1854,100000.0,98700.0,103900.0,97600.0
618,2019,102600.0,104500.0,112400.0,107100.0
619,1372,138800.0,133100.0,143300.0,127200.0
620,1380,211300.0,200300.0,204900.0,201100.0
621,294,103800.0,103500.0,104000.0,104300.0
622,1371,111800.0,95900.0,97600.0,92400.0
623,1425,130500.0,129700.0,128500.0,128500.0
624,994,134600.0,115000.0,105300.0,100100.0
625,838,196500.0,188600.0,182400.0,182600.0
626,365,126800.0,121600.0,122500.0,119400.0
627,1939,75300.0,77200.0,72100.0,72100.0
628,2025,88862.0,87400.0,85100.0,86700.0
629,1424,101500.0,106200.0,110000.0,100500.0
630,1272,240100.0,227200.0,250200.0,218200.0
631,134,126500.0,125000.0,116300.0,116500.0
632,1186,179800.0,180500.0,185000.0,178500.0
633,2265,64400.0,65300.0,51600.0,50200.0
634,2259,77319.0,72475.0,71484.0,75237.0
635,1957,206300.0,197900.0,206700.0,199800.0
636,1834,111500.0,100100.0,97700.0,90800.0
637,2320,159100.0,146600.0,162100.0,153600.0
638,874,124500.0,112700.0,118500.0,116400.0
639,1782,93200.0,90700.0,79600.0,83600.0
640,1535,119300.0,119000.0,112400.0,113700.0
641,2696,52200.0,52300.0,54900.0,54200.0
642,469,187600.0,185000.0,183600.0,173300.0
643,369,134800.0,132800.0,131900.0,130900.0
644,524,131000.0,126000.0,124600.0,124600.0
645,579,78100.0,78600.0,77900.0,76700.0
646,24,128800.0,125000.0,123100.0,116000.0
647,279,161600.0,154100.0,149000.0,143900.0
648,1604,97800.0,98300.0,99200.0,94600.0
649,1962,107800.0,106300.0,120500.0,110800.0
650,549,165000.0,158000.0,154300.0,151000.0
651,611,180000.0,179200.0,185900.0,183000.0
652,441,136400.0,158800.0,163100.0,159600.0
653,186,263700.0,252300.0,262100.0,244400.0
654,439,192400.0,191900.0,196500.0,200300.0
655,860,275200.0,285500.0,302900.0,303300.0
656,1867,85600.0,86900.0,89500.0,85600.0
657,1947,140100.0,137100.0,146400.0,138200.0
658,1612,170200.0,167800.0,185200.0,178900.0
659,34,166300.0,156900.0,170900.0,150100.0
660,2667,61000.0,60400.0,69100.0,65900.0
661,1168,178000.0,163200.0,177800.0,152400.0
662,1643,64889.0,62228.0,55211.0,62232.0
663,1993,86500.0,83300.0,81000.0,81100.0
664,552,101400.0,97200.0,97100.0,98100.0
665,663,109000.0,106600.0,109500.0,104900.0
666,1554,82900.0,78000.0,67600.0,63200.0
667,888,83700.0,81500.0,83500.0,80700.0
668,2082,84300.0,84700.0,95700.0,87700.0
669,1382,250800.0,239200.0,242900.0,239800.0
670,788,82800.0,81500.0,83100.0,86100.0
671,1222,146500.0,143200.0,146600.0,140400.0
672,548,329800.0,279800.0,269800.0,248700.0
673,526,81100.0,81500.0,86100.0,81800.0
674,387,131200.0,126400.0,126000.0,123900.0
675,1904,102300.0,97600.0,97200.0,98900.0
676,791,168200.0,159800.0,149800.0,147900.0
677,818,49000.0,49000.0,49000.0,48100.0
678,203,106600.0,101100.0,102800.0,96700.0
679,1679,130800.0,125000.0,123000.0,114100.0
680,394,189600.0,194200.0,189200.0,184000.0
681,1908,163300.0,146700.0,153500.0,144200.0
682,1198,65200.0,60400.0,64600.0,58500.0
683,529,95700.0,96200.0,101200.0,97300.0
684,826,74669.0,74474.0,67292.0,63635.0
685,2061,129600.0,129600.0,126500.0,122300.0
686,528,189900.0,176300.0,169200.0,167400.0
687,1687,66300.0,65700.0,81800.0,79600.0
688,1531,69400.0,68400.0,66900.0,64800.0
689,565,161400.0,139500.0,136200.0,134400.0
690,2087,98800.0,84800.0,85000.0,80900.0
691,1734,80900.0,79200.0,83000.0,80700.0
692,1899,94324.0,92198.0,90467.0,88308.0
693,1803,201800.0,195400.0,207900.0,197100.0
694,1751,157700.0,146100.0,146000.0,135000.0
695,1133,226700.0,209900.0,230900.0,219400.0
696,2318,81900.0,72100.0,69400.0,66600.0
697,1790,67900.0,64500.0,67000.0,71200.0
698,814,143600.0,128300.0,143400.0,126500.0
699,156,202500.0,193700.0,173500.0,176500.0
700,728,215200.0,204200.0,200500.0,199000.0
701,1407,178700.0,154500.0,140900.0,140700.0
702,2687,117000.0,114800.0,125900.0,116700.0
703,2841,79200.0,79000.0,85600.0,81200.0
704,896,254900.0,255000.0,254800.0,249400.0
705,626,157300.0,151600.0,149900.0,144900.0
706,1925,115300.0,110100.0,118400.0,110200.0
707,1502,107100.0,98700.0,98600.0,94400.0
708,2049,108099.0,95422.0,90962.0,87802.0
709,572,88600.0,87600.0,85400.0,85200.0
710,1385,185900.0,175400.0,170500.0,165200.0
711,720,116000.0,97500.0,119300.0,109200.0
712,880,88000.0,83800.0,88600.0,86800.0
713,1455,130800.0,137900.0,150000.0,142500.0
714,1388,136800.0,132500.0,161700.0,142500.0
715,1002,247600.0,231200.0,233500.0,214700.0
716,1440,75700.0,75000.0,74700.0,74100.0
717,1808,117800.0,115600.0,116000.0,116300.0
718,2490,83300.0,78800.0,77900.0,77100.0
719,2551,89700.0,82700.0,91200.0,95800.0
720,1733,152100.0,134100.0,139900.0,123400.0
721,1137,53500.0,52100.0,78200.0,60900.0
722,406,132600.0,127200.0,132100.0,130000.0
723,584,104500.0,103900.0,106100.0,104100.0
724,530,138400.0,132600.0,126800.0,127000.0
725,1589,51200.0,67400.0,58400.0,58600.0
726,2921,92300.0,92300.0,94400.0,95100.0
727,2062,61700.0,60400.0,65000.0,61000.0
728,465,133500.0,125500.0,115100.0,119600.0
729,988,102100.0,109700.0,88300.0,90300.0
730,933,116100.0,116600.0,107100.0,109500.0
731,1644,127300.0,126600.0,123500.0,124500.0
732,671,79800.0,76500.0,81200.0,94900.0
733,1919,272900.0,256400.0,257400.0,244900.0
734,1986,71100.0,66400.0,64900.0,68400.0
735,1227,112400.0,109800.0,110400.0,107200.0
736,2671,102900.0,97000.0,86300.0,88000.0
737,601,165400.0,158000.0,155400.0,150800.0
738,254,136646.0,133822.0,130709.0,129737.0
739,1447,80400.0,82300.0,73800.0,77500.0
740,1883,219200.0,202300.0,199500.0,200200.0
741,104,137700.0,134600.0,140200.0,134800.0
742,474,96500.0,97300.0,93100.0,93900.0
743,1123,41700.0,43500.0,44200.0,44400.0
744,1328,118400.0,121000.0,122700.0,123400.0
745,2063,98300.0,80400.0,85900.0,85900.0
746,1527,156900.0,148200.0,152100.0,149400.0
747,2305,62179.0,59061.0,55860.0,56015.0
748,1320,167400.0,168800.0,170600.0,162400.0
749,693,74300.0,72700.0,79300.0,74500.0
750,1193,120400.0,119500.0,115700.0,112700.0
751,1922,118600.0,105600.0,120500.0,111500.0
752,993,289900.0,251800.0,263600.0,243400.0
753,1174,153200.0,141500.0,155100.0,126400.0
754,1584,127000.0,109900.0,108200.0,103400.0
755,2021,61700.0,59900.0,61600.0,59600.0
756,560,72100.0,69100.0,64600.0,64700.0
757,735,72800.0,70500.0,69300.0,69500.0
758,1269,135000.0,129200.0,127800.0,118200.0
759,538,106200.0,109500.0,120700.0,115000.0
760,510,100900.0,97000.0,99500.0,96600.0
761,1228,198300.0,198400.0,207600.0,197900.0
762,1136,181700.0,171200.0,153100.0,165400.0
763,49,116900.0,113000.0,111100.0,110100.0
764,1209,128300.0,127200.0,127900.0,124200.0
765,103,175500.0,169300.0,167100.0,161600.0
766,265,230100.0,233300.0,232700.0,224500.0
767,293,170400.0,160300.0,140400.0,141100.0
768,1441,140800.0,139300.0,143500.0,138900.0
769,562,180200.0,189500.0,181100.0,178900.0
770,1577,154000.0,159100.0,124200.0,124600.0
771,457,111600.0,108600.0,111300.0,108100.0
772,1988,74400.0,71000.0,74400.0,74900.0
773,372,240900.0,225400.0,228500.0,213000.0
774,1740,97100.0,82200.0,84700.0,80700.0
775,2041,74600.0,66000.0,60600.0,57600.0
776,2192,59000.0,58600.0,57600.0,58700.0
777,356,120000.0,121000.0,117500.0,119700.0
778,780,79400.0,79800.0,84800.0,77500.0
779,1780,75900.0,73300.0,74600.0,73200.0
780,1504,115700.0,115800.0,125600.0,118200.0
781,178,261400.0,249700.0,238500.0,234700.0
782,1149,32100.0,29400.0,40300.0,43600.0
783,338,139800.0,135200.0,136700.0,129600.0
784,2919,56100.0,59900.0,57300.0,59400.0
785,1714,198000.0,190600.0,181300.0,174800.0
786,1157,130000.0,126000.0,131200.0,123000.0
787,1619,122000.0,121300.0,119700.0,120700.0
788,1264,137732.0,160692.0,114898.0,116951.0
789,1459,82100.0,80600.0,86800.0,82000.0
790,476,70200.0,72800.0,74400.0,73000.0
791,605,171800.0,168700.0,163200.0,162000.0
792,1797,119800.0,108400.0,107500.0,104200.0
793,41,226900.0,223500.0,213700.0,209300.0
794,1678,92900.0,92900.0,106600.0,94900.0
795,224,259800.0,249400.0,262800.0,236400.0
796,1492,89500.0,92400.0,89300.0,87300.0
797,1285,175400.0,174800.0,185900.0,178300.0
798,535,111200.0,105200.0,100300.0,100200.0
799,2252,71100.0,65000.0,60500.0,64900.0
800,1555,96853.0,98104.0,100331.0,99130.0
801,354,174900.0,173400.0,173200.0,168100.0
802,1759,71800.0,68400.0,73100.0,71400.0
803,1409,119000.0,116400.0,121000.0,118200.0
804,1298,147300.0,147300.0,149100.0,145000.0
805,1622,92500.0,75600.0,80800.0,78600.0
806,25,207700.0,191200.0,209900.0,187300.0
807,148,195500.0,179400.0,180600.0,180500.0
808,1252,130200.0,120400.0,119200.0,107100.0
809,1981,96790.0,95946.0,91919.0,93827.0
810,1534,78100.0,76000.0,75300.0,75600.0
811,812,94600.0,91100.0,96300.0,91700.0
812,1710,74800.0,73200.0,74900.0,73200.0
813,563,76000.0,66200.0,66300.0,72000.0
814,500,85900.0,85000.0,83900.0,83700.0
815,1274,105000.0,92900.0,93100.0,85500.0
816,2627,63000.0,50700.0,52600.0,53700.0
817,850,63000.0,63900.0,63500.0,67500.0
818,1176,78600.0,77400.0,76000.0,75900.0
819,653,81400.0,81100.0,80700.0,78200.0
820,1366,96500.0,81600.0,73700.0,72200.0
821,1670,66900.0,65400.0,68100.0,65500.0
822,1163,133800.0,120700.0,134600.0,119300.0
823,1202,224500.0,215700.0,217800.0,206600.0
824,1552,92300.0,83700.0,91300.0,88000.0
825,1242,85802.0,82620.0,68260.0,69817.0
826,796,94700.0,92500.0,92200.0,90000.0
827,2218,71200.0,71100.0,78600.0,73700.0
828,618,144000.0,151900.0,150300.0,152100.0
829,31,468000.0,480500.0,534600.0,494900.0
830,887,277300.0,270400.0,286900.0,266500.0
831,1524,168500.0,166200.0,172900.0,168200.0
832,883,108500.0,101000.0,95700.0,94400.0
833,619,77400.0,76300.0,76000.0,74600.0
834,166,152800.0,144700.0,147300.0,139200.0
835,769,71298.0,75017.0,76209.0,70522.0
836,367,139000.0,122800.0,119700.0,121700.0
837,1304,115100.0,116400.0,107900.0,105300.0
838,2251,165900.0,132700.0,134300.0,132500.0
839,2395,63476.0,59029.0,63174.0,60385.0
840,2212,70000.0,71500.0,76700.0,72600.0
841,1398,90600.0,87800.0,84600.0,85100.0
842,157,387900.0,389200.0,406600.0,389800.0
843,1610,92200.0,90800.0,91400.0,90400.0
844,1861,144600.0,143800.0,149200.0,144900.0
845,67,312500.0,290100.0,278600.0,278500.0
846,1015,39304.0,38878.0,37231.0,34039.0
847,299,228500.0,219200.0,211400.0,201000.0
848,972,153402.0,156680.0,181515.0,175690.0
849,2679,68700.0,66100.0,65100.0,65200.0
850,1881,79900.0,82700.0,80400.0,78400.0
851,418,85200.0,84100.0,80100.0,80900.0
852,311,361100.0,354300.0,350100.0,326800.0
853,631,108300.0,111300.0,106800.0,107400.0
854,1641,85500.0,83800.0,79600.0,79500.0
855,1695,71626.0,54300.0,73400.0,78200.0
856,531,85000.0,62000.0,88700.0,83500.0
857,1430,87800.0,80100.0,82200.0,79700.0
858,2478,76800.0,77800.0,79500.0,76600.0
859,1917,121700.0,113900.0,133500.0,121900.0
860,236,122500.0,121900.0,138900.0,121400.0
861,732,80700.0,81500.0,88200.0,83600.0
862,1309,137200.0,126300.0,137700.0,122300.0
863,407,91342.0,90628.0,97001.0,90764.0
864,1223,103000.0,91600.0,91500.0,85800.0
865,938,273700.0,255300.0,270900.0,246500.0
866,1467,89700.0,89600.0,94700.0,86900.0
867,1786,60100.0,58000.0,57700.0,57000.0
868,973,122100.0,118800.0,133600.0,128800.0
869,865,129400.0,128700.0,125500.0,125500.0
870,261,150900.0,146400.0,149000.0,146700.0
871,1556,186300.0,174000.0,183900.0,171400.0
872,1731,76400.0,88100.0,76100.0,76400.0
873,1438,97100.0,100900.0,110300.0,105400.0
874,713,151900.0,125600.0,134400.0,136000.0
875,437,303500.0,285200.0,259900.0,258000.0
876,1667,230000.0,215900.0,221300.0,205800.0
877,638,109700.0,107400.0,116000.0,110700.0
878,2214,89900.0,94000.0,69700.0,80900.0
879,567,87952.0,86026.0,89765.0,83591.0
880,1530,80300.0,74800.0,65800.0,61800.0
881,1478,135200.0,119300.0,130200.0,114700.0
882,1479,111100.0,144600.0,96100.0,96100.0
883,1590,94800.0,96400.0,100900.0,99900.0
884,2314,71300.0,73500.0,73900.0,74200.0
885,2699,51800.0,50800.0,55300.0,52300.0
886,1282,94400.0,94000.0,86300.0,93600.0
887,1181,115000.0,113400.0,108000.0,102300.0
888,1305,126300.0,131800.0,90000.0,91000.0
889,691,163900.0,159800.0,163500.0,158900.0
890,761,69900.0,75200.0,73200.0,69500.0
891,829,51500.0,49100.0,50300.0,49100.0
892,205,203300.0,187800.0,196500.0,180100.0
893,2336,57000.0,57600.0,60800.0,57100.0
894,2298,86500.0,85400.0,97200.0,90700.0
895,485,293400.0,288700.0,282000.0,276600.0
896,1942,103300.0,84800.0,91000.0,75600.0
897,729,103600.0,102000.0,101500.0,99400.0
898,759,114400.0,115700.0,122900.0,119500.0
899,1334,99500.0,100400.0,100000.0,99400.0
900,2266,91900.0,100400.0,77900.0,79700.0
901,849,122000.0,118500.0,107700.0,110100.0
902,1658,69700.0,69500.0,77000.0,72100.0
903,2236,58900.0,55000.0,62600.0,61600.0
904,1718,63600.0,62100.0,61900.0,60100.0
905,2673,80700.0,90700.0,75700.0,74100.0
906,66,110500.0,103900.0,92900.0,91700.0
907,445,59513.0,57550.0,55308.0,59033.0
908,86,233700.0,228000.0,264800.0,239900.0
909,2102,96344.0,85389.0,86182.0,86585.0
910,1777,152500.0,142800.0,155600.0,146000.0
911,1624,50200.0,48200.0,72700.0,67300.0
912,1708,77900.0,79500.0,80200.0,80900.0
913,1874,118100.0,115800.0,111500.0,111700.0
914,57,124500.0,122300.0,125300.0,122600.0
915,1197,136500.0,133800.0,129700.0,126200.0
916,194,150400.0,149200.0,138100.0,138500.0
917,2894,72493.0,80192.0,74946.0,78239.0
918,2000,119000.0,112900.0,133300.0,126800.0
919,334,111600.0,119500.0,123200.0,128200.0
920,2615,40400.0,39700.0,38400.0,39400.0
921,895,140400.0,110100.0,144300.0,127000.0
922,636,73100.0,78100.0,82100.0,78100.0
923,582,103900.0,101500.0,103000.0,102600.0
924,1238,84600.0,85000.0,78300.0,78200.0
925,793,287200.0,270100.0,250200.0,237900.0
926,423,160900.0,154800.0,162900.0,150100.0
927,566,185600.0,189800.0,189200.0,191800.0
928,1744,90700.0,88900.0,87000.0,88100.0
929,1828,127200.0,116800.0,124000.0,116600.0
930,1825,100200.0,106600.0,111800.0,95700.0
931,607,128700.0,126300.0,125800.0,117300.0
932,2014,67800.0,66800.0,71200.0,67700.0
933,1826,121900.0,117600.0,110400.0,110200.0
934,1791,61000.0,71300.0,73200.0,76700.0
935,308,163000.0,169900.0,177900.0,174100.0
936,1306,120700.0,121900.0,125100.0,121300.0
937,1187,203100.0,203200.0,206700.0,197200.0
938,1516,140900.0,138600.0,157200.0,153000.0
939,2690,68000.0,81100.0,86100.0,83400.0
940,1885,76000.0,76500.0,76300.0,73400.0
941,276,124500.0,121100.0,124700.0,123600.0
942,2388,205300.0,202600.0,210700.0,206300.0
943,241,141100.0,138200.0,136500.0,134500.0
944,1743,122800.0,109300.0,110000.0,107600.0
945,1450,89300.0,105200.0,85200.0,87000.0
946,2497,46700.0,44800.0,49900.0,47000.0
947,428,198600.0,185700.0,176800.0,182800.0
948,2870,147000.0,140300.0,148900.0,139900.0
949,1720,304800.0,315200.0,335000.0,331800.0
950,827,90100.0,83600.0,88600.0,93400.0
951,852,127600.0,128600.0,124400.0,119400.0
952,1239,115200.0,113300.0,113100.0,108500.0
953,1901,69000.0,72600.0,69100.0,62500.0
954,974,132600.0,125900.0,126400.0,121300.0
955,221,88400.0,86900.0,87800.0,88800.0
956,669,133300.0,127000.0,134500.0,135900.0
957,1190,200400.0,188000.0,178600.0,164800.0
958,2142,192700.0,182800.0,188600.0,181900.0
959,1339,122200.0,116300.0,110200.0,126000.0
960,2848,55800.0,55400.0,62000.0,57000.0
961,483,392100.0,366600.0,438400.0,368500.0
962,360,139500.0,134100.0,130600.0,130600.0
963,624,51800.0,49200.0,53500.0,51600.0
964,1501,221300.0,229500.0,224700.0,220800.0
965,1337,203200.0,181700.0,189200.0,175800.0
966,1689,245200.0,243200.0,259000.0,245200.0
967,323,120900.0,124500.0,124100.0,124400.0
968,246,150500.0,139900.0,127500.0,127100.0
969,252,178200.0,175100.0,165100.0,164900.0
970,922,195400.0,186800.0,176500.0,177500.0
971,1184,117000.0,111700.0,123700.0,112600.0
972,247,189900.0,183200.0,170900.0,167600.0
973,260,126800.0,123600.0,124100.0,122900.0
974,44,139700.0,132000.0,158000.0,135100.0
975,1532,152500.0,150300.0,160200.0,152100.0
976,518,103500.0,100800.0,101700.0,98400.0
977,2313,225100.0,229700.0,236600.0,230400.0
978,917,120000.0,118300.0,115100.0,119300.0
979,2630,62900.0,55300.0,58900.0,58600.0
980,866,235100.0,232800.0,237700.0,231900.0
981,978,184200.0,173500.0,166400.0,161700.0
982,11,346500.0,322300.0,370700.0,330100.0
983,998,90200.0,92000.0,97800.0,99100.0
984,274,155600.0,144500.0,154900.0,136300.0
985,5,474100.0,454200.0,542700.0,496700.0
986,176,252900.0,247900.0,245500.0,228800.0
987,687,214800.0,207200.0,211200.0,193800.0
988,489,140900.0,124800.0,125300.0,120100.0
989,2026,79100.0,78400.0,84700.0,80000.0
990,1862,161000.0,168300.0,149600.0,152500.0
991,1513,63300.0,59300.0,62600.0,61400.0
992,705,53800.0,51000.0,52900.0,49300.0
993,696,194600.0,185700.0,186500.0,183800.0
994,522,86800.0,87300.0,81500.0,80400.0
995,111,141500.0,136900.0,137100.0,130700.0
996,2524,260800.0,266100.0,284900.0,274700.0
997,2525,78400.0,74200.0,73200.0,77700.0
998,1307,210500.0,205900.0,196400.0,186700.0
999,1411,131400.0,131100.0,130200.0,138500.0
1000,339,133700.0,134500.0,139800.0,131900.0
1001,918,120400.0,99200.0,120084.0,107210.0
1002,583,321900.0,311100.0,310400.0,297300.0
1003,1342,121600.0,121100.0,110600.0,120200.0
1004,1338,106000.0,100500.0,92400.0,94600.0
1005,2701,72000.0,72000.0,67200.0,63300.0
1006,197,118800.0,118700.0,114300.0,110900.0
1007,1663,106300.0,103100.0,103400.0,102200.0
1008,1247,150600.0,150500.0,150900.0,152000.0
1009,1548,164900.0,163300.0,161400.0,162000.0
1010,1370,141500.0,106500.0,107400.0,104800.0
1011,1640,134000.0,131800.0,130800.0,129700.0
1012,499,151700.0,146800.0,149300.0,138500.0
1013,2466,168100.0,159600.0,160900.0,150300.0
1014,1218,135700.0,129400.0,142200.0,127000.0
1015,1177,220400.0,204500.0,189100.0,177700.0
1016,95,124100.0,129000.0,108800.0,118700.0
1017,1061,128700.0,131900.0,129300.0,130500.0
1018,1741,220000.0,206100.0,213400.0,206800.0
1019,187,130500.0,127100.0,123500.0,123100.0
1020,1884,105300.0,94500.0,82000.0,75500.0
1021,1498,151100.0,164400.0,158600.0,165400.0
1022,858,206100.0,200500.0,200800.0,199300.0
1023,1870,105100.0,105500.0,117800.0,109200.0
1024,159,133700.0,132400.0,138500.0,135600.0
1025,88,181300.0,174800.0,171300.0,169500.0
1026,449,126300.0,123000.0,115000.0,107400.0
1027,1050,237100.0,208300.0,207700.0,209800.0
1028,133,208400.0,188900.0,193700.0,179100.0
1029,1994,84600.0,81700.0,68500.0,71700.0
1030,1387,109100.0,102900.0,118300.0,110000.0
1031,1379,190400.0,191600.0,195800.0,196900.0
1032,151,221700.0,221400.0,243900.0,227300.0
1033,989,121000.0,110700.0,108100.0,113000.0
1034,745,154200.0,128300.0,111800.0,113500.0
1035,1638,174800.0,163200.0,181600.0,170000.0
1036,1054,49600.0,49800.0,59100.0,52100.0
1037,397,102900.0,100300.0,92500.0,96100.0
1038,2482,59300.0,54700.0,56000.0,56900.0
1039,1980,89700.0,92100.0,90800.0,89100.0
1040,1539,85100.0,80000.0,80400.0,77000.0
1041,486,81500.0,79500.0,76800.0,76400.0
1042,2249,71600.0,71800.0,78100.0,73700.0
1043,1557,72600.0,69800.0,68300.0,68200.0
1044,1627,78300.0,77400.0,74000.0,73000.0
1045,2703,86700.0,92100.0,84300.0,81300.0
1046,511,80400.0,76700.0,78600.0,82200.0
1047,401,81900.0,80000.0,83900.0,78800.0
1048,1814,166565.0,164622.0,168906.0,172060.0
1049,1598,72900.0,69800.0,74100.0,73300.0
1050,817,133200.0,135400.0,147400.0,140200.0
1051,590,61200.0,62700.0,63200.0,63300.0
1052,2165,114000.0,106700.0,103700.0,113900.0
1053,1417,148100.0,147700.0,140700.0,141200.0
1054,303,162500.0,161300.0,150700.0,153500.0
1055,289,165000.0,162100.0,157100.0,156400.0
1056,2590,39000.0,36500.0,41400.0,52300.0
1057,1183,134600.0,128900.0,158700.0,140700.0
1058,1750,141800.0,134800.0,141300.0,141800.0
1059,739,74500.0,73900.0,71400.0,70300.0
1060,1395,126800.0,122200.0,125700.0,138200.0
1061,541,109500.0,109700.0,100500.0,103600.0
1062,2505,101300.0,98600.0,102000.0,96600.0
1063,136,183100.0,177900.0,165200.0,164200.0
1064,1974,145600.0,135400.0,155600.0,146400.0
1065,1364,91400.0,97800.0,95400.0,90800.0
1066,533,97900.0,92800.0,84800.0,83800.0
1067,1226,160800.0,146700.0,146100.0,138900.0
1068,2088,89000.0,85200.0,91900.0,85800.0
1069,1606,123589.0,88766.0,93216.0,91214.0
1070,1471,177000.0,175900.0,203500.0,182600.0
1071,2713,89900.0,82800.0,90500.0,84900.0
1072,823,85400.0,86000.0,97600.0,95800.0
1073,3094,60200.0,62000.0,62000.0,58000.0
1074,453,163900.0,155900.0,153900.0,146800.0
1075,169,125900.0,122000.0,119600.0,118700.0
1076,1470,120496.0,111424.0,109130.0,110493.0
1077,245,130000.0,129900.0,171000.0,127700.0
1078,1397,138000.0,141000.0,133900.0,134600.0
1079,1822,67700.0,67200.0,72700.0,68400.0
1080,2621,59200.0,52400.0,71400.0,79800.0
1081,1805,75361.0,75680.0,83363.0,81870.0
1082,2169,125400.0,124600.0,141400.0,136700.0
1083,750,186541.0,190431.0,179747.0,186520.0
1084,571,136100.0,132100.0,128900.0,127300.0
1085,2694,97300.0,99800.0,96700.0,97700.0
1086,1869,134100.0,128800.0,137800.0,132500.0
1087,440,138648.0,134534.0,141853.0,134648.0
1088,734,105200.0,113100.0,122400.0,113600.0
1089,1859,169400.0,162800.0,161900.0,161600.0
1090,753,67300.0,65000.0,63700.0,63900.0
1091,628,222000.0,207300.0,191700.0,193000.0
1092,1691,87100.0,85600.0,83400.0,81500.0
1093,803,101500.0,104500.0,95200.0,93300.0
1094,1889,181400.0,179700.0,187700.0,184200.0
1095,1249,129300.0,127300.0,128700.0,127600.0
1096,2133,74400.0,72100.0,71300.0,71600.0
1097,332,160200.0,147300.0,154600.0,141100.0
1098,222,263500.0,251500.0,242700.0,227000.0
1099,2337,80700.0,80100.0,90200.0,83300.0
1100,1984,89500.0,85800.0,78600.0,82700.0
1101,1324,144500.0,140000.0,140600.0,140900.0
1102,1266,144900.0,146200.0,176400.0,158400.0
1103,2098,78700.0,77400.0,80000.0,77100.0
1104,495,111600.0,113200.0,116600.0,114700.0
1105,1871,171000.0,166900.0,179300.0,169600.0
1106,878,98100.0,94400.0,97400.0,93600.0
1107,1727,67700.0,75900.0,72100.0,69000.0
1108,632,96400.0,93500.0,101000.0,93100.0
1109,675,127700.0,129000.0,131700.0,130100.0
1110,1936,136000.0,126800.0,125800.0,118500.0
1111,480,108900.0,112300.0,116400.0,115500.0
1112,150,118300.0,114100.0,111000.0,111800.0
1113,2261,265500.0,254900.0,247800.0,248100.0
1114,1,391300.0,379900.0,443100.0,377900.0
1115,608,152000.0,149100.0,151200.0,148500.0
1116,146,384400.0,389500.0,436200.0,407800.0
1117,762,186700.0,177800.0,177800.0,175800.0
1118,1350,129800.0,127200.0,118200.0,119700.0
1119,1481,99100.0,98800.0,106700.0,107200.0
1120,1224,96800.0,95300.0,101000.0,95600.0
1121,2755,69400.0,73700.0,80000.0,69500.0
1122,107,87300.0,80500.0,77700.0,77800.0
1123,1730,161200.0,148100.0,151800.0,140100.0
1124,141,97800.0,97500.0,85100.0,87300.0
1125,335,110400.0,115100.0,129200.0,131800.0
1126,452,122000.0,117500.0,120200.0,116000.0
1127,1685,88700.0,85600.0,82500.0,83700.0
1128,2485,107798.0,111439.0,110800.0,103700.0
1129,578,136800.0,118900.0,144000.0,102700.0
1130,1173,100300.0,92300.0,113800.0,92700.0
1131,2292,75300.0,57300.0,49000.0,51500.0
1132,1345,121900.0,98600.0,73500.0,76800.0
1133,2096,85900.0,83800.0,87700.0,87600.0
1134,755,164800.0,157200.0,153600.0,152300.0
1135,890,65500.0,66600.0,70300.0,67300.0
1136,1542,61800.0,61900.0,58600.0,61000.0
1137,277,140900.0,140700.0,167000.0,149000.0
1138,138,155300.0,154900.0,139500.0,145700.0
1139,986,102000.0,95200.0,88500.0,85800.0
1140,2074,53474.0,53145.0,49642.0,47599.0
1141,1754,110400.0,105000.0,98700.0,93100.0
1142,987,123400.0,135300.0,142600.0,135600.0
1143,1637,158300.0,146900.0,160600.0,151000.0
1144,1230,112000.0,110100.0,99100.0,101800.0
1145,1317,75800.0,76300.0,68300.0,73800.0
1146,426,130700.0,129400.0,128000.0,127100.0
1147,2704,45600.0,42700.0,42400.0,39300.0
1148,1952,67400.0,67500.0,67000.0,67300.0
1149,1373,188800.0,186800.0,197600.0,188400.0
1150,1975,162700.0,159900.0,171000.0,163500.0
1151,913,166700.0,162800.0,155900.0,162200.0
1152,746,109300.0,111900.0,124700.0,118100.0
1153,463,108800.0,108500.0,113700.0,110800.0
1154,658,123000.0,119000.0,118000.0,116400.0
1155,381,95600.0,93000.0,90600.0,87200.0
1156,2307,79300.0,78400.0,81100.0,77200.0
1157,1028,181800.0,175400.0,169900.0,173200.0
1158,885,93200.0,91100.0,92600.0,91800.0
1159,181,73000.0,69100.0,66700.0,68900.0
1160,785,120600.0,110900.0,112400.0,104500.0
1161,1006,168600.0,179800.0,240100.0,205200.0
1162,1211,158400.0,152700.0,174100.0,155700.0
1163,1806,89500.0,86400.0,87000.0,82400.0
1164,431,107900.0,111200.0,104100.0,109800.0
1165,302,120100.0,112400.0,115900.0,112900.0
1166,2,159400.0,141300.0,191000.0,163600.0
1167,174,699600.0,690800.0,826000.0,725000.0
1168,676,89900.0,91000.0,87900.0,84200.0
1169,1909,78942.0,79052.0,77689.0,78810.0
1170,1210,114200.0,100600.0,97300.0,90700.0
1171,760,116200.0,113300.0,121300.0,117100.0
1172,1171,96800.0,95700.0,86900.0,87100.0
1173,929,82700.0,86500.0,86800.0,88000.0
1174,1739,81600.0,81300.0,82900.0,82300.0
1175,2195,91800.0,97500.0,87400.0,87400.0
1176,487,75100.0,72400.0,71800.0,70600.0
1177,145,173300.0,159600.0,158000.0,149000.0
1178,1752,81400.0,84600.0,81900.0,80400.0
1179,2350,81600.0,81600.0,88600.0,83200.0
1180,1494,72100.0,72500.0,78100.0,75500.0
1181,945,145800.0,136300.0,148700.0,130900.0
1182,1453,99500.0,102200.0,106900.0,99000.0
1183,1608,87300.0,85200.0,88900.0,86000.0
1184,1551,104900.0,104300.0,110500.0,108800.0
1185,1719,79000.0,77800.0,77000.0,78500.0
1186,2174,88000.0,82300.0,60400.0,66700.0
1187,983,59845.0,60519.0,59208.0,61198.0
1188,1725,87000.0,85000.0,87200.0,83600.0
1189,1297,167900.0,161800.0,170900.0,158400.0
1190,2352,69600.0,61700.0,62600.0,66100.0
1191,911,82900.0,81300.0,80000.0,79300.0
1192,1742,77400.0,71800.0,82900.0,74900.0
1193,523,197900.0,184400.0,180800.0,174100.0
1194,1645,94700.0,94300.0,102800.0,97600.0
1195,1386,241100.0,245400.0,244100.0,244500.0
1196,269,417200.0,390600.0,437200.0,380300.0
1197,1404,120300.0,116600.0,118200.0,113800.0
1198,2167,89500.0,88900.0,96600.0,91500.0
1199,683,91900.0,90400.0,88900.0,87800.0
1200,748,122100.0,126500.0,132300.0,127400.0
1201,1460,120300.0,102800.0,102600.0,107600.0
1202,763,46200.0,45400.0,47200.0,45600.0
1203,2215,86300.0,83400.0,80100.0,81100.0
1204,640,103700.0,95200.0,100600.0,98900.0
1205,1838,84800.0,84600.0,77500.0,73400.0
1206,1215,192200.0,177700.0,165900.0,153800.0
1207,2710,65200.0,67200.0,86300.0,77800.0
1208,920,66700.0,62800.0,66800.0,65800.0
1209,656,55000.0,55900.0,55700.0,59300.0
1210,2164,158400.0,152500.0,148600.0,141100.0
1211,1277,145600.0,143400.0,144900.0,140200.0
1212,2681,92700.0,95800.0,137400.0,118800.0
1213,1243,94400.0,93900.0,96700.0,96100.0
1214,731,138300.0,116400.0,125000.0,122300.0
1215,1520,87900.0,85100.0,87800.0,84900.0
1216,1779,61200.0,59100.0,58000.0,59800.0
1217,2033,120700.0,118900.0,117100.0,116800.0
1218,806,102700.0,105600.0,107200.0,107900.0
1219,36,159100.0,152000.0,159000.0,146100.0
1220,773,106936.0,108978.0,103971.0,103476.0
1221,1586,75900.0,71900.0,77400.0,71400.0
1222,238,160800.0,149700.0,158300.0,150900.0
1223,1559,123500.0,123300.0,133800.0,125200.0
1224,872,139500.0,125500.0,107300.0,110300.0
1225,1956,105100.0,95800.0,103500.0,103300.0
1226,2641,114604.0,115089.0,124311.0,124954.0
1227,414,258600.0,247200.0,253800.0,231200.0
1228,171,109700.0,113100.0,156200.0,120800.0
1229,1850,110300.0,107200.0,109100.0,106900.0
1230,130,237100.0,227700.0,207500.0,200600.0
1231,688,101000.0,97500.0,165600.0,141300.0
1232,333,85600.0,87200.0,90400.0,91700.0
1233,1836,81900.0,72800.0,68100.0,63100.0
1234,1296,200300.0,191500.0,191400.0,184500.0
1235,284,199000.0,173600.0,174900.0,163800.0
1236,2356,72600.0,60100.0,60000.0,65500.0
1237,2018,70200.0,68500.0,69000.0,69000.0
1238,1703,155900.0,154900.0,155400.0,154300.0
1239,361,109400.0,105800.0,111500.0,110100.0
1240,1158,156400.0,141300.0,178700.0,155900.0
1241,248,290100.0,276900.0,268100.0,269600.0
1242,17,361200.0,363700.0,397400.0,371700.0
1243,46,300400.0,282400.0,263200.0,251600.0
1244,1058,250200.0,229100.0,210100.0,211500.0
1245,1393,110900.0,103900.0,109700.0,108100.0
1246,1312,144600.0,147400.0,183000.0,170300.0
1247,623,87900.0,90000.0,80200.0,87300.0
1248,2203,65400.0,64900.0,68600.0,64900.0
1249,833,114400.0,119200.0,133500.0,126500.0
1250,655,85800.0,84000.0,90300.0,83600.0
1251,1804,107800.0,105900.0,106800.0,104700.0
1252,996,137800.0,130900.0,134700.0,135100.0
1253,2942,72465.0,70725.0,74009.0,70949.0
1254,33,146200.0,134300.0,123000.0,120700.0
1255,2445,122600.0,123700.0,130900.0,127600.0
1256,2242,88200.0,82800.0,94000.0,86400.0
1257,1278,139400.0,137200.0,146600.0,142700.0
1258,1933,61382.0,57225.0,61478.0,60882.0
1259,1349,241900.0,238600.0,239200.0,233500.0
1260,2368,52300.0,50900.0,55100.0,50500.0
1261,118,110400.0,100200.0,87600.0,88700.0
1262,1022,171000.0,164700.0,157800.0,157400.0
1263,213,137000.0,125100.0,141400.0,130500.0
1264,2845,89700.0,90200.0,91200.0,88700.0
1265,68,360000.0,352800.0,352200.0,333500.0
1266,1008,408090.0,373867.0,389166.0,341064.0
1267,386,149700.0,152300.0,169800.0,161300.0
1268,2717,77100.0,80400.0,89300.0,85500.0
1269,1431,373100.0,348600.0,394600.0,364500.0
1270,1773,150600.0,141500.0,139600.0,134000.0
1271,1698,166900.0,159500.0,165000.0,160600.0
1272,1310,135300.0,143500.0,142800.0,144700.0
1273,1290,99300.0,94500.0,99400.0,97400.0
1274,2477,78700.0,68500.0,69900.0,78500.0
1275,55,124300.0,122800.0,124700.0,122000.0
1276,240,161400.0,153100.0,127500.0,130700.0
1277,1573,88300.0,86700.0,88600.0,85200.0
1278,2072,80300.0,78600.0,82300.0,78100.0
1279,1472,64300.0,60400.0,66000.0,69900.0
1280,116,328500.0,322000.0,389600.0,311900.0
1281,840,185300.0,173400.0,166500.0,159000.0
1282,188,100300.0,95000.0,81000.0,79000.0
1283,1064,60300.0,63000.0,67300.0,64800.0
1284,1729,54800.0,53400.0,49900.0,50400.0
1285,1630,95900.0,94400.0,95200.0,95100.0
1286,1772,115200.0,114064.0,98400.0,100400.0
1287,30,377700.0,372800.0,406500.0,378800.0
1288,815,86800.0,80600.0,72900.0,73300.0
1289,592,101800.0,90400.0,93300.0,87100.0
1290,85,91600.0,88100.0,81600.0,80700.0
1291,50,268300.0,262500.0,261800.0,250900.0
1292,1275,132300.0,131300.0,134900.0,136200.0
1293,1195,174500.0,172800.0,184400.0,175100.0
1294,1375,183300.0,179000.0,178300.0,177500.0
1295,944,134542.0,136246.0,151327.0,145374.0
1296,682,192800.0,176400.0,174000.0,166200.0
1297,413,184700.0,181400.0,173700.0,170100.0
1298,2039,70900.0,70800.0,71100.0,70900.0
1299,1892,165100.0,153800.0,147600.0,136000.0
1300,1664,73100.0,70200.0,74500.0,71300.0
1301,1446,124800.0,123400.0,125000.0,124000.0
1302,1837,80400.0,69700.0,69200.0,67300.0
1303,2539,316100.0,305200.0,268200.0,296100.0
1304,97,410800.0,395500.0,387600.0,370700.0
1305,2317,60700.0,57300.0,58700.0,56100.0
1306,1693,139700.0,135400.0,144200.0,138900.0
1307,1675,99600.0,64200.0,76400.0,74500.0
1308,2483,128500.0,135200.0,175800.0,153900.0
1309,700,86300.0,86200.0,80800.0,79500.0
1310,2480,71400.0,69100.0,69400.0,68300.0
1311,58,245700.0,227500.0,259300.0,233500.0
1312,1616,104200.0,85800.0,90800.0,83400.0
1313,1026,59500.0,59500.0,57100.0,58900.0
1314,662,118200.0,119700.0,118500.0,119300.0
1315,1262,102200.0,95200.0,88300.0,87300.0
1316,1276,83000.0,75200.0,78400.0,76600.0
1317,419,93700.0,93100.0,88700.0,88900.0
1318,470,65200.0,64000.0,61600.0,63100.0
1319,1073,1126000.0,1048000.0,1125500.0,1053700.0
1320,297,415100.0,389000.0,472400.0,388500.0
1321,388,114910.0,109697.0,104511.0,104582.0
1322,1429,198100.0,185100.0,187700.0,173700.0
1323,21,404000.0,395600.0,400800.0,379300.0
1324,2475,90100.0,89500.0,95200.0,91200.0
1325,1421,172400.0,169200.0,177200.0,170000.0
1326,351,153300.0,142200.0,137300.0,142100.0
1327,1544,71100.0,67500.0,71900.0,68400.0
1328,657,113000.0,112300.0,112900.0,111600.0
1329,999,185900.0,178100.0,168900.0,164900.0
1330,2186,93900.0,99200.0,91600.0,95800.0
1331,3003,71826.0,68723.0,63962.0,64032.0
1332,1088,53800.0,50800.0,51600.0,51300.0
1333,378,332800.0,291200.0,329000.0,280200.0
1334,82,218300.0,203000.0,189000.0,182300.0
1335,207,185800.0,176500.0,178400.0,164500.0
1336,43,219700.0,210800.0,198100.0,192600.0
1337,941,210100.0,203900.0,207700.0,204100.0
1338,164,234600.0,221400.0,205700.0,205500.0
1339,14,864000.0,897100.0,1085800.0,965300.0
1340,1538,77400.0,72200.0,70900.0,71200.0
1341,718,84000.0,82400.0,77500.0,79300.0
1342,230,184800.0,175600.0,153800.0,154700.0
1343,427,303100.0,317000.0,308000.0,318700.0
1344,1363,96700.0,88000.0,89000.0,77400.0
1345,1007,79000.0,79000.0,98400.0,97300.0
1346,2665,84100.0,97500.0,79600.0,82200.0
1347,2297,70500.0,70000.0,74500.0,74100.0
1348,1621,147400.0,138600.0,154400.0,143500.0
1349,195,96700.0,99700.0,104200.0,99100.0
1350,3027,115617.0,115650.0,128364.0,117765.0
1351,1547,76200.0,75800.0,79100.0,77900.0
1352,2286,43200.0,42900.0,48800.0,43900.0
1353,180,181400.0,171000.0,151400.0,151900.0
1354,64,343300.0,341400.0,376900.0,344900.0
1355,152,197400.0,188200.0,176000.0,169300.0
1356,391,72000.0,71200.0,72600.0,73600.0
1357,1208,116000.0,113500.0,118700.0,116700.0
1358,649,118721.0,104615.0,122339.0,101217.0
1359,2640,75000.0,77600.0,88500.0,85500.0
1360,1164,130700.0,130400.0,172400.0,148100.0
1361,1716,64100.0,63000.0,62500.0,62300.0
1362,77,269500.0,255900.0,240500.0,229200.0
1363,1771,78200.0,74200.0,70800.0,73400.0
1364,1702,219378.0,210611.0,215860.0,209721.0
1365,459,136200.0,133200.0,129100.0,130500.0
1366,1636,115700.0,116800.0,111600.0,115100.0
1367,1932,127800.0,116700.0,110200.0,108100.0
1368,1126,112100.0,107700.0,94400.0,108400.0
1369,2171,78500.0,78200.0,81600.0,79000.0
1370,1267,165900.0,160300.0,169300.0,159900.0
1371,685,147800.0,146700.0,139400.0,137200.0
1372,1614,102500.0,86300.0,92800.0,85500.0
1373,60,106100.0,104400.0,107100.0,104000.0
1374,694,52100.0,49200.0,51300.0,50700.0
1375,1546,151500.0,148100.0,154100.0,153700.0
1376,527,225100.0,221900.0,229300.0,218800.0
1377,287,159200.0,154200.0,160500.0,152100.0
1378,2960,106800.0,101900.0,109400.0,103100.0
1379,185,101500.0,102700.0,105500.0,102100.0
1380,1655,139400.0,150600.0,135600.0,134000.0
1381,102,121500.0,118900.0,119900.0,118400.0
1382,1271,154600.0,152000.0,141600.0,143900.0
1383,346,135400.0,136100.0,139100.0,136400.0
1384,4,496600.0,480600.0,571500.0,483100.0
1385,1165,145800.0,131600.0,150900.0,129300.0
1386,1995,66300.0,67600.0,72700.0,69300.0
1387,1315,244700.0,235200.0,240400.0,227000.0
1388,128,245800.0,230100.0,212700.0,208600.0
1389,1400,88800.0,88100.0,94400.0,89400.0
1390,758,192400.0,185600.0,185400.0,181300.0
1391,399,75100.0,71800.0,67800.0,67600.0
1392,1207,131400.0,131900.0,141100.0,116200.0
1393,661,84000.0,85000.0,84700.0,80000.0
1394,2092,92100.0,90200.0,84000.0,86500.0
1395,613,90000.0,89200.0,90700.0,87600.0
1396,1231,117400.0,108000.0,137100.0,115400.0
1397,324,86700.0,86600.0,89900.0,85800.0
1398,936,62900.0,60300.0,59600.0,57100.0
1399,985,112300.0,110300.0,113200.0,111400.0
1400,1812,92800.0,88200.0,84100.0,82600.0
1401,513,122100.0,117200.0,116500.0,116000.0
1402,1235,132700.0,128200.0,140100.0,131500.0
1403,681,117500.0,121200.0,121500.0,119500.0
1404,782,60500.0,60500.0,54900.0,56100.0
1405,1491,197400.0,121757.0,138468.0,135249.0
1406,1289,94600.0,89400.0,95800.0,88300.0
1407,1139,338700.0,315500.0,336300.0,313400.0
1408,234,129900.0,128900.0,129200.0,130300.0
1409,1835,74700.0,72000.0,73800.0,71600.0
1410,1845,86900.0,84300.0,81200.0,82200.0
1411,1063,98300.0,95500.0,93500.0,93700.0
1412,2338,124500.0,113600.0,126100.0,118100.0
1413,542,125500.0,153700.0,126700.0,130000.0
1414,417,228000.0,222300.0,225600.0,215300.0
1415,908,142265.0,125972.0,129080.0,122395.0
1416,979,73800.0,79500.0,72100.0,68400.0
1417,1815,139000.0,123800.0,129500.0,124900.0
1418,1162,162800.0,151500.0,171000.0,146100.0
1419,1755,89600.0,87500.0,92200.0,87600.0
1420,1948,125691.0,124619.0,133793.0,128757.0
1421,2208,97900.0,95600.0,106200.0,99900.0
1422,975,222600.0,205300.0,214200.0,203500.0
1423,1923,181900.0,175800.0,175800.0,172000.0
1424,1753,199300.0,198100.0,210300.0,204600.0
1425,2084,78800.0,74600.0,55100.0,58300.0
1426,330,176700.0,172700.0,181000.0,175400.0
1427,2869,66300.0,64500.0,74000.0,68600.0
1428,1194,122900.0,113700.0,118700.0,105700.0
1429,689,144200.0,136200.0,127800.0,132400.0
1430,93,317300.0,293700.0,268500.0,263900.0
1431,1300,123700.0,118900.0,119200.0,105800.0
1432,1827,126000.0,115300.0,122500.0,115000.0
1433,446,126500.0,125300.0,125500.0,124700.0
1434,1760,110800.0,106500.0,106300.0,103300.0
1435,1496,133500.0,135300.0,116300.0,117400.0
1436,2896,65100.0,65600.0,77200.0,71500.0
1437,576,194300.0,186400.0,193300.0,181300.0
1438,1018,93700.0,103500.0,126100.0,113500.0
1439,1361,166300.0,173100.0,177600.0,173100.0
1440,273,110700.0,118700.0,118700.0,114800.0
1441,1265,106200.0,102200.0,101300.0,98800.0
1442,2489,53763.0,55307.0,61480.0,57080.0
1443,2073,81000.0,80400.0,81900.0,80800.0
1444,1876,105500.0,103800.0,106800.0,103300.0
1445,2674,102600.0,99800.0,86800.0,88100.0
1446,737,77200.0,74700.0,78100.0,78000.0
1447,629,140800.0,141100.0,139600.0,138000.0
1448,1618,122400.0,123800.0,117700.0,118100.0
1449,15,113800.0,109300.0,103300.0,99700.0
1450,1907,110000.0,88800.0,90200.0,94100.0
1451,551,122800.0,122500.0,124500.0,121100.0
1452,1735,142000.0,125000.0,131200.0,121900.0
1453,326,124000.0,119800.0,119800.0,117200.0
1454,2253,87000.0,85000.0,85300.0,77700.0
1455,52,231500.0,219600.0,219500.0,198600.0
1456,686,166700.0,163500.0,166700.0,161300.0
1457,770,117000.0,112000.0,128100.0,112900.0
1458,1891,137400.0,120700.0,125100.0,118600.0
1459,2319,65000.0,60600.0,49400.0,49400.0
1460,1609,93500.0,90900.0,91200.0,91100.0
1461,1489,158300.0,150900.0,147700.0,147300.0
1462,29,167000.0,152900.0,157700.0,145400.0
1463,126,112700.0,105900.0,146600.0,129600.0
1464,795,123900.0,122800.0,126500.0,120700.0
1465,1170,133800.0,125300.0,135700.0,120500.0
1466,963,829300.0,791100.0,863800.0,825700.0
1467,242,118222.0,113287.0,106883.0,108162.0
1468,633,71600.0,70800.0,68200.0,68700.0
1469,503,95100.0,94900.0,89400.0,92300.0
1470,137,315700.0,296300.0,371800.0,311200.0
1471,2216,202600.0,197400.0,199400.0,196300.0
1472,1383,177800.0,175100.0,173800.0,170800.0
1473,778,93000.0,104200.0,114400.0,102800.0
1474,2386,149800.0,150800.0,156600.0,154500.0
1475,926,238000.0,194200.0,197400.0,183200.0
1476,96,291200.0,283700.0,292800.0,273300.0
1477,853,44200.0,45300.0,47700.0,43800.0
1478,2220,89400.0,91400.0,98900.0,93500.0
1479,915,80100.0,80200.0,77400.0,77100.0
1480,1185,113800.0,100400.0,107800.0,93400.0
1481,1602,79900.0,70800.0,71900.0,65700.0
1482,112,138800.0,134200.0,139900.0,135300.0
1483,2161,115443.0,117416.0,133941.0,126956.0
1484,1722,105096.0,82243.0,80753.0,79029.0
1485,1858,188200.0,176000.0,160800.0,157800.0
1486,454,204800.0,187600.0,189400.0,182700.0
1487,967,69200.0,69500.0,71700.0,69900.0
1488,1564,93800.0,94600.0,103800.0,98200.0
1489,646,128700.0,128900.0,129400.0,121500.0
1490,719,69600.0,68000.0,70000.0,70800.0
1491,517,97200.0,96200.0,91100.0,90900.0
1492,1953,277700.0,273700.0,261800.0,259800.0
1493,255,132500.0,130500.0,126100.0,128500.0
1494,472,128300.0,128900.0,130400.0,125400.0
1495,250,162900.0,169400.0,168000.0,172200.0
1496,389,159900.0,143400.0,138000.0,128600.0
1497,1784,115400.0,114900.0,113600.0,113400.0
1498,1844,142300.0,143300.0,148800.0,147000.0
1499,475,74000.0,72900.0,69700.0,69500.0
1500,395,105400.0,104900.0,106600.0,106100.0
1501,3037,72981.0,73691.0,69581.0,75064.0
1502,1330,74500.0,72400.0,76800.0,74900.0
1503,2422,178500.0,178500.0,177800.0,178100.0
1504,2892,111800.0,104200.0,112900.0,104900.0
1505,935,113600.0,114300.0,123200.0,118800.0
1506,1756,244500.0,229400.0,224400.0,219400.0
1507,668,104037.0,138800.0,90000.0,104900.0
1508,1945,74900.0,69600.0,62800.0,58900.0
1509,1011,97700.0,88900.0,90000.0,89000.0
1510,869,105700.0,105500.0,100100.0,98500.0
1511,1657,174100.0,168400.0,178000.0,169500.0
1512,42,221900.0,202000.0,216200.0,193000.0
1513,120,269400.0,276300.0,318900.0,295400.0
1514,70,200300.0,192100.0,176300.0,169900.0
1515,263,111400.0,111300.0,108900.0,102200.0
1516,124,121900.0,121500.0,119400.0,117700.0
1517,2111,74900.0,74500.0,72400.0,73500.0
1518,1473,96800.0,89900.0,101300.0,99800.0
1519,1519,137200.0,133500.0,142400.0,132300.0
1520,747,108700.0,105900.0,103900.0,104400.0
1521,1426,92800.0,83300.0,74700.0,78600.0
1522,1852,180400.0,161800.0,167400.0,156500.0
1523,1633,108200.0,108300.0,108100.0,107300.0
1524,373,336300.0,327300.0,294200.0,292900.0
1525,749,101200.0,99600.0,108600.0,112900.0
1526,1432,112000.0,110700.0,111200.0,111900.0
1527,1500,130800.0,133800.0,143500.0,140600.0
1528,2540,200900.0,200900.0,200700.0,200800.0
1529,610,300500.0,289400.0,297100.0,276700.0
1530,7,428200.0,406700.0,444400.0,415200.0
1531,1916,157400.0,139100.0,135000.0,127500.0
1532,218,182500.0,174900.0,169000.0,164400.0
1533,1961,72200.0,72300.0,84800.0,81400.0
1534,1408,72000.0,76200.0,76800.0,76800.0
1535,92,180000.0,165300.0,177400.0,157500.0
1536,2531,82600.0,83600.0,105200.0,96000.0
1537,1332,136300.0,134000.0,140800.0,135500.0
1538,2047,57800.0,57700.0,55800.0,56800.0
1539,1796,80400.0,78600.0,77200.0,76200.0
1540,1301,115400.0,112100.0,109000.0,111900.0
1541,1302,137000.0,138800.0,139700.0,138600.0
1542,1318,104900.0,99700.0,89600.0,87700.0
1543,1611,166600.0,160900.0,170800.0,164400.0
1544,2709,86600.0,84100.0,84800.0,84800.0
1545,1057,75839.0,77773.0,84302.0,79955.0
1546,2416,64500.0,63500.0,68100.0,64200.0
1547,1464,84400.0,79100.0,77400.0,79600.0
1548,262,168300.0,165700.0,163100.0,160700.0
1549,2282,79493.0,73688.0,77142.0,81031.0
1550,1715,86100.0,87100.0,89300.0,85700.0
1551,501,159500.0,153200.0,163900.0,158200.0
1552,2606,54700.0,53200.0,50400.0,52300.0
1553,2496,71600.0,73000.0,82600.0,85800.0
1554,2510,80900.0,81100.0,98400.0,91500.0
1555,317,82300.0,83600.0,78500.0,80200.0
1556,123,131400.0,127100.0,114100.0,115500.0
1557,204,157800.0,154500.0,145800.0,141000.0
1558,1254,86900.0,80800.0,74700.0,80100.0
1559,101,380600.0,383300.0,374600.0,360000.0
1560,1435,167200.0,148600.0,153800.0,155900.0
1561,1954,98800.0,104000.0,105400.0,106000.0
1562,1738,101100.0,100500.0,98400.0,99700.0
1563,8,213500.0,211300.0,269500.0,218800.0
1564,1506,108400.0,107100.0,101600.0,102900.0
1565,384,115200.0,111800.0,103500.0,103800.0
1566,400,172300.0,166800.0,168700.0,166000.0
1567,490,131400.0,129600.0,130100.0,122700.0
1568,2272,68700.0,68400.0,72800.0,68900.0
1569,301,69800.0,68900.0,63400.0,65400.0
1570,1295,92400.0,91500.0,88400.0,86600.0
1571,258,112800.0,112300.0,107800.0,106800.0
1572,889,172500.0,155300.0,159100.0,158100.0
1573,1391,114300.0,106000.0,96100.0,84000.0
1574,1376,70700.0,68200.0,63600.0,64300.0
1575,1220,253300.0,246600.0,260000.0,239000.0
1576,450,169600.0,165700.0,166000.0,162900.0
1577,147,402300.0,399000.0,377000.0,366200.0
1578,438,190100.0,176900.0,187700.0,187100.0
1579,1147,60300.0,66000.0,66400.0,65900.0
1580,416,131900.0,130000.0,132500.0,129000.0
1581,1810,68800.0,67700.0,66700.0,70100.0
1582,442,90800.0,91600.0,88600.0,88700.0
1583,868,379100.0,335400.0,354400.0,333500.0
1584,291,119100.0,112900.0,100100.0,106600.0
1585,2677,79800.0,84400.0,83900.0,84400.0
1586,1897,86500.0,85300.0,82100.0,84900.0
1587,1511,90600.0,90400.0,97600.0,93000.0
1588,569,101200.0,92600.0,83700.0,85800.0
1589,2424,71700.0,65000.0,57100.0,58800.0
1590,481,104800.0,99400.0,94200.0,91200.0
1591,168,140500.0,135700.0,140300.0,135500.0
1592,519,144800.0,148400.0,145800.0,145200.0
1593,19,209800.0,197000.0,253700.0,196000.0
1594,742,159800.0,168000.0,168600.0,163000.0
1595,1255,85000.0,83700.0,84000.0,77000.0
1596,1656,106300.0,102500.0,101000.0,97300.0
1597,1515,173400.0,171500.0,167300.0,171900.0
1598,132,181300.0,178600.0,173400.0,169700.0
1599,424,145900.0,143000.0,145900.0,139600.0
1600,1229,95900.0,91800.0,81800.0,85900.0
1601,1280,86000.0,79100.0,96200.0,79200.0
1602,2359,85600.0,82600.0,85300.0,85500.0
1603,422,183600.0,176900.0,186200.0,177500.0
1604,1461,83600.0,81100.0,79600.0,79000.0
1605,2706,81900.0,69100.0,64500.0,66100.0
1606,1560,125800.0,125000.0,126900.0,127100.0
1607,1261,230700.0,213200.0,224800.0,211100.0
1608,1233,103362.0,100772.0,89983.0,92943.0
1609,1477,73667.0,72677.0,75953.0,75168.0
1610,1394,88800.0,82400.0,102300.0,94800.0
1611,344,67200.0,73500.0,71900.0,72900.0
1612,143,117300.0,116000.0,94800.0,109200.0
1613,212,119100.0,116500.0,120100.0,116300.0
1614,28,157500.0,149300.0,143800.0,139000.0
1615,1225,102700.0,96300.0,118300.0,100100.0
1616,2009,71741.0,70000.0,72600.0,67300.0
1617,357,266000.0,259000.0,258600.0,252200.0
1618,1244,174800.0,166400.0,160400.0,151900.0
1619,848,148000.0,144900.0,141000.0,138400.0
1620,492,161000.0,154400.0,145600.0,137300.0
1621,353,131400.0,128000.0,130400.0,125200.0
1622,2486,39700.0,43700.0,43200.0,45200.0
1623,1499,104833.0,100800.0,99200.0,98700.0
1624,1166,234300.0,214600.0,240800.0,211400.0
1625,505,94100.0,96600.0,94200.0,94100.0
1626,556,308200.0,317600.0,396100.0,338700.0
1627,9,187000.0,180000.0,231600.0,185300.0
1628,3,371600.0,366500.0,436500.0,374900.0
1629,47,699600.0,697200.0,881800.0,764000.0
1630,1774,92100.0,90100.0,92900.0,89500.0
1631,63,172900.0,168300.0,224800.0,172600.0
1632,1323,165102.0,160242.0,153239.0,153598.0
1633,984,464300.0,430600.0,440300.0,438200.0
1634,165,408900.0,376200.0,436300.0,389700.0
1635,61,658600.0,640500.0,812000.0,683000.0
1636,1976,558700.0,469600.0,496400.0,441700.0
1637,1462,98700.0,96400.0,99900.0,97800.0
1638,1319,183300.0,173900.0,162200.0,161900.0
1639,521,96500.0,92400.0,91200.0,89300.0
1640,1257,108600.0,110400.0,114800.0,113400.0
1641,1583,59055.0,61003.0,71097.0,71974.0
1642,2191,146800.0,141300.0,157300.0,145200.0
1643,114,445200.0,431700.0,480600.0,400800.0
1644,13,588100.0,583000.0,750400.0,652100.0
1645,614,113300.0,106600.0,105100.0,94600.0
1646,170,532300.0,515200.0,590400.0,515100.0
1647,1299,310500.0,281600.0,264400.0,250200.0
1648,1291,157600.0,148100.0,156300.0,146600.0
1649,1204,154300.0,145500.0,170100.0,151600.0
1650,193,229200.0,228200.0,231200.0,223200.0
1651,264,145000.0,142900.0,153100.0,144800.0
1652,514,145200.0,140300.0,141700.0,135200.0
1653,912,111366.0,112272.0,124686.0,119686.0
1654,1912,164500.0,157000.0,156700.0,151500.0
1655,270,159000.0,155500.0,152300.0,152300.0
1656,771,123000.0,116800.0,116600.0,114400.0
1657,942,90196.0,90989.0,98881.0,99631.0
1658,282,65200.0,63300.0,64600.0,54900.0
1659,435,62900.0,65200.0,70400.0,66700.0
1660,736,72200.0,69000.0,65600.0,64100.0
1661,249,129000.0,129100.0,135700.0,131000.0
1662,2206,83400.0,83500.0,79700.0,80400.0
1663,1549,149500.0,148200.0,147900.0,146900.0
1664,309,211800.0,198600.0,217900.0,198100.0
1665,2663,109300.0,81000.0,56100.0,55700.0
1666,2225,63135.0,55002.0,53703.0,53648.0
1667,873,73000.0,74000.0,72800.0,73900.0
1668,724,96600.0,97500.0,95400.0,91400.0
1669,314,105700.0,102200.0,97600.0,94500.0
1670,1191,119000.0,117100.0,109800.0,108000.0
1671,1199,166700.0,147800.0,166500.0,141600.0
1672,841,39000.0,37800.0,37400.0,39800.0
1673,743,86500.0,87700.0,92300.0,86300.0
1674,545,82400.0,80800.0,77400.0,75600.0
1675,1938,82400.0,76000.0,77700.0,76900.0
1676,666,76500.0,74400.0,71400.0,72400.0
1677,1381,140700.0,136700.0,136300.0,130400.0
1678,1855,139700.0,139800.0,159800.0,145900.0
1679,2059,88000.0,86900.0,87400.0,85000.0
1680,968,122300.0,121000.0,137900.0,134900.0
1681,962,66300.0,62100.0,57800.0,55600.0
1682,233,193800.0,177100.0,190300.0,173500.0
1683,1596,102100.0,96900.0,94600.0,96300.0
1684,1270,107800.0,103400.0,102600.0,101900.0
1685,337,127800.0,108000.0,118100.0,115600.0
1686,219,182500.0,175500.0,179300.0,171500.0
1687,1574,112600.0,110500.0,110000.0,109500.0
1688,1594,155400.0,155300.0,157800.0,152000.0
1689,598,104100.0,108400.0,109500.0,110200.0
1690,35,91900.0,92600.0,86500.0,84300.0
1691,2201,70700.0,69900.0,74500.0,71500.0
1692,673,168200.0,162300.0,164000.0,158500.0
1693,412,159600.0,152400.0,169100.0,161600.0
1694,1737,187900.0,228800.0,207600.0,235400.0
1695,1437,83794.0,81416.0,78917.0,74812.0
1696,1950,108000.0,98600.0,101100.0,96700.0
1697,2121,70400.0,69000.0,66400.0,66400.0
1698,757,127700.0,129900.0,140500.0,135200.0
1699,641,153600.0,137900.0,133400.0,126100.0
1700,2541,308100.0,311800.0,340200.0,332000.0
1701,331,238000.0,228000.0,221400.0,210200.0
1702,1056,226900.0,210100.0,210800.0,204000.0
1703,2669,89200.0,93600.0,93600.0,93600.0
1704,931,81000.0,78800.0,82900.0,82000.0
1705,1250,123400.0,117000.0,122400.0,120500.0
1706,779,67700.0,71000.0,62600.0,64100.0
1707,62,284700.0,255100.0,284400.0,244800.0
1708,697,126000.0,130800.0,134900.0,122500.0
1709,117,230200.0,217300.0,279400.0,214000.0
1710,828,109500.0,101300.0,89200.0,89100.0
1711,575,76994.0,76386.0,76732.0,73987.0
1712,140,370200.0,364100.0,352700.0,334300.0
1713,443,84200.0,81000.0,85400.0,82400.0
1714,2392,180100.0,175600.0,188600.0,178700.0
1715,99,385800.0,371300.0,436500.0,367900.0
1716,937,135659.0,131761.0,129820.0,126839.0
1717,1465,82000.0,82600.0,70900.0,72600.0
1718,160,108500.0,105800.0,104600.0,104300.0
1719,2067,90200.0,89200.0,91200.0,90600.0
1720,2085,154300.0,142100.0,157100.0,157100.0
1721,100,166300.0,156700.0,153700.0,151100.0
1722,322,198200.0,189600.0,209100.0,191100.0
1723,310,254800.0,257400.0,284000.0,262300.0
1724,90,147200.0,148400.0,191000.0,149900.0
1725,525,114400.0,109500.0,105900.0,103700.0
1726,1989,149800.0,157400.0,212700.0,188900.0
1727,127,97700.0,94600.0,94000.0,91000.0
1728,1823,84300.0,84000.0,83600.0,83000.0
1729,2662,61100.0,60200.0,63400.0,59500.0
1730,863,145100.0,139900.0,132500.0,131400.0
1731,278,149200.0,142900.0,149400.0,141300.0
1732,733,138000.0,129500.0,132500.0,128600.0
1733,1775,97000.0,85900.0,79900.0,76600.0
1734,639,59300.0,58600.0,61900.0,59500.0
1735,2362,55600.0,54700.0,62000.0,58100.0
1736,1545,94600.0,73000.0,73500.0,60600.0
1737,1682,120300.0,120300.0,118300.0,118800.0
1738,375,79800.0,79800.0,87200.0,85300.0
1739,654,129900.0,128200.0,118600.0,117400.0
1740,1946,81600.0,83600.0,82300.0,80900.0
1741,2138,165677.0,161200.0,167000.0,162300.0
1742,615,119200.0,117700.0,116800.0,115000.0
1743,1713,131700.0,128500.0,128400.0,127000.0
1744,2264,129900.0,110300.0,107200.0,105600.0
1745,1142,179247.0,158828.0,181022.0,146492.0
1746,405,136200.0,134700.0,143000.0,138600.0
1747,1327,189100.0,185900.0,182700.0,174400.0
1748,2493,95400.0,97400.0,122400.0,110400.0
1749,421,221600.0,213600.0,201000.0,201900.0
1750,59,313600.0,316100.0,369000.0,331000.0
1751,18,353400.0,338900.0,336500.0,321000.0
1752,2230,40494.0,40272.0,38531.0,38165.0
1753,1580,166000.0,159400.0,151000.0,150900.0
1754,444,150600.0,144400.0,136700.0,121200.0
1755,1286,107400.0,105900.0,106500.0,101900.0
1756,2302,49600.0,57000.0,49500.0,47600.0
1757,1758,512200.0,477700.0,491600.0,463400.0
1758,81,109800.0,107800.0,103800.0,98500.0
1759,1649,469600.0,447800.0,486700.0,451000.0
1760,1813,71800.0,72600.0,74700.0,64700.0
1761,257,157400.0,148900.0,159700.0,150100.0
1762,1377,187200.0,188500.0,210900.0,195100.0
1763,1701,78600.0,77600.0,69700.0,69900.0
1764,350,64200.0,62800.0,57000.0,60600.0
1765,462,101100.0,97800.0,95300.0,93900.0
1766,2548,107700.0,120400.0,104200.0,96000.0
1767,659,97000.0,105000.0,106400.0,96600.0
1768,215,223800.0,222100.0,230600.0,225900.0
1769,281,248400.0,234900.0,211200.0,200900.0
1770,390,168800.0,159000.0,193500.0,154300.0
1771,1601,109100.0,100100.0,94300.0,92100.0
1772,1016,128200.0,116400.0,108300.0,106100.0
1773,2449,168800.0,162300.0,174500.0,169300.0
1774,1579,170000.0,170900.0,184400.0,177400.0
1775,2349,88700.0,82500.0,85700.0,90200.0
1776,714,291400.0,277300.0,263000.0,270800.0
1777,1399,100300.0,92300.0,86200.0,87000.0
1778,1600,96500.0,94000.0,94300.0,96100.0
1779,1523,113700.0,118800.0,115300.0,115500.0
1780,1329,123500.0,124100.0,115900.0,109100.0
1781,12,132000.0,128500.0,133000.0,125700.0
1782,2035,117500.0,120800.0,111300.0,109200.0
1783,1793,84692.0,80887.0,79504.0,78745.0
1784,1992,74100.0,64600.0,61300.0,63600.0
1785,855,87100.0,86300.0,86700.0,86300.0
1786,1321,88900.0,90000.0,91900.0,90100.0
1787,1314,115800.0,115900.0,117100.0,117100.0
1788,637,90625.0,87907.0,86391.0,81488.0
1789,504,119700.0,118300.0,136200.0,105900.0
1790,870,180600.0,177200.0,192200.0,180000.0
1791,1341,121300.0,122100.0,128200.0,124900.0
1792,2860,70500.0,70500.0,70400.0,70400.0
1793,1966,263200.0,220100.0,227100.0,219200.0
1794,1851,672800.0,656400.0,662800.0,657800.0
1795,1572,99400.0,101700.0,95200.0,95200.0
1796,2770,55500.0,54100.0,65000.0,68900.0
1797,175,242600.0,230000.0,221300.0,210700.0
1798,1613,111000.0,110000.0,103700.0,97900.0
1799,843,244600.0,228800.0,223200.0,213800.0
1800,585,101500.0,101400.0,108300.0,102000.0
1801,674,91000.0,98600.0,101000.0,105500.0
1802,1273,130600.0,121500.0,126600.0,125400.0
1803,2094,93200.0,96800.0,88700.0,84800.0
1804,520,114500.0,113200.0,108600.0,105700.0
1805,2245,102300.0,111900.0,85800.0,101400.0
1806,1709,88900.0,87300.0,93000.0,88700.0
1807,1802,83900.0,86500.0,85900.0,85100.0
1808,275,223100.0,214200.0,204400.0,199000.0
1809,1348,101800.0,102300.0,113800.0,104900.0
1810,366,162400.0,164600.0,175800.0,168500.0
1811,1486,169000.0,161800.0,181100.0,164500.0
1812,2193,85100.0,81100.0,78500.0,76400.0
1813,1964,183000.0,162900.0,163100.0,154200.0
1814,2885,79200.0,80600.0,95400.0,90200.0
1815,767,179900.0,171300.0,168900.0,166300.0
1816,2661,59800.0,48500.0,54700.0,55400.0
1817,1167,208700.0,208200.0,234300.0,211100.0
1818,801,111800.0,113000.0,115500.0,114900.0
1819,1937,86500.0,86300.0,84300.0,89900.0
1820,1024,179300.0,177000.0,162200.0,146600.0
1821,1454,97400.0,88000.0,88500.0,83500.0
1822,1099,86400.0,80000.0,82500.0,81200.0
1823,200,73900.0,70000.0,68400.0,65800.0
1824,2005,77700.0,71000.0,68300.0,67200.0
1825,106,138600.0,127400.0,143900.0,125700.0
1826,74,113000.0,110800.0,111800.0,108500.0
1827,220,137900.0,129900.0,129500.0,127600.0
1828,398,88000.0,87600.0,97100.0,92600.0
1829,1412,132700.0,121900.0,144700.0,122900.0
1830,2064,72500.0,71600.0,77900.0,71900.0
1831,2066,176800.0,177600.0,185400.0,181500.0
1832,1706,171300.0,162900.0,181000.0,166000.0
1833,227,209100.0,208300.0,190000.0,177200.0
1834,451,127100.0,136500.0,139600.0,135300.0
1835,943,86700.0,86000.0,84400.0,83900.0
1836,677,72649.0,73714.0,74961.0,75785.0
1837,1849,160300.0,150700.0,149300.0,144700.0
1838,2685,85800.0,60500.0,57300.0,51300.0
1839,2574,72400.0,68800.0,67100.0,61200.0
1840,2060,76100.0,74700.0,80500.0,77700.0
1841,208,156100.0,151200.0,158100.0,150200.0
1842,84,314200.0,293200.0,272000.0,268900.0
1843,574,154700.0,151900.0,156600.0,147100.0
1844,837,137100.0,129900.0,138000.0,134800.0
1845,932,91100.0,89400.0,93100.0,90900.0
1846,1620,99300.0,98800.0,105900.0,101200.0
1847,1764,69600.0,60600.0,57000.0,57000.0
1848,1189,229700.0,199700.0,229400.0,204600.0
1849,2198,74600.0,71700.0,78100.0,73700.0
1850,1536,94200.0,93000.0,100700.0,95500.0
1851,1415,128000.0,123800.0,119000.0,119400.0
1852,1967,254500.0,227200.0,231500.0,220600.0
1853,961,75400.0,73700.0,69700.0,69200.0
1854,1416,105700.0,105600.0,103100.0,96400.0
1855,2438,59100.0,50500.0,44800.0,42200.0
1856,802,81300.0,84700.0,81500.0,80700.0
1857,1517,96000.0,93200.0,99800.0,95000.0
1858,635,95100.0,83500.0,78100.0,79600.0
1859,1268,100700.0,104800.0,96800.0,95500.0
1860,557,64500.0,64700.0,67300.0,68100.0
1861,45,409400.0,402900.0,463600.0,398200.0
1862,1401,58800.0,52500.0,55300.0,53300.0
1863,1488,66500.0,67400.0,57700.0,55400.0
1864,2670,43600.0,45700.0,44300.0,43700.0
1865,2010,78300.0,76900.0,76400.0,75100.0
1866,794,103800.0,105900.0,110800.0,108700.0
1867,1389,113500.0,118600.0,132600.0,123500.0
1868,1352,79000.0,78400.0,80100.0,82900.0
1869,897,164700.0,168400.0,167600.0,159000.0
1870,109,248700.0,237500.0,236000.0,230900.0
1871,1192,125100.0,108600.0,119500.0,102100.0
1872,1987,86900.0,86100.0,84000.0,83500.0
1873,1841,152300.0,161700.0,152100.0,151600.0
1874,2304,93841.0,84008.0,82389.0,77459.0
1875,464,119600.0,117800.0,114100.0,112600.0
1876,40,215300.0,208500.0,217700.0,205900.0
1877,1724,135100.0,119600.0,125800.0,121000.0
1878,1625,117042.0,117021.0,117339.0,111728.0
1879,484,41900.0,51900.0,57700.0,56500.0
1880,1448,90700.0,83100.0,80700.0,76900.0
1881,1449,122700.0,121900.0,129900.0,123500.0
1882,537,177200.0,173800.0,173900.0,170900.0
1883,1582,132395.0,130677.0,138209.0,131187.0
1884,2863,59500.0,62200.0,71400.0,65400.0
1885,2285,96800.0,100200.0,93100.0,94000.0
1886,1503,235700.0,227400.0,261500.0,234300.0
1887,1392,132300.0,124100.0,122400.0,107600.0
1888,363,179900.0,168600.0,165500.0,157200.0
1889,740,65200.0,65900.0,64900.0,64300.0
1890,1476,156600.0,180300.0,225100.0,214700.0
1891,2676,47900.0,47300.0,56900.0,49900.0
1892,1650,74800.0,69900.0,66100.0,62300.0
1893,2781,76100.0,63400.0,49500.0,47500.0
1894,625,147500.0,146700.0,149000.0,149600.0
1895,2502,58200.0,58700.0,60100.0,60600.0
1896,2684,79200.0,78400.0,78300.0,78300.0
1897,342,139800.0,138500.0,134500.0,132600.0
1898,1707,144800.0,139500.0,137700.0,136500.0
1899,1537,114900.0,119000.0,112600.0,107400.0
1900,345,238800.0,221700.0,198100.0,197300.0
1901,493,186400.0,182100.0,184800.0,182800.0
1902,198,163300.0,160600.0,168100.0,166600.0
1903,1599,68343.0,69374.0,73908.0,72238.0
1904,1615,72100.0,71000.0,72600.0,70100.0
1905,717,183300.0,178300.0,182600.0,181300.0
1906,1482,133400.0,132700.0,144600.0,132600.0
1907,1819,285200.0,268400.0,297800.0,274400.0
1908,845,173100.0,173300.0,165800.0,156100.0
1909,1873,114209.0,111231.0,110847.0,109835.0
1910,2390,154100.0,152300.0,158500.0,156300.0
1911,206,136400.0,129100.0,135500.0,131500.0
1912,1801,90700.0,80100.0,74300.0,72300.0
1913,2228,112700.0,112200.0,119400.0,123200.0
1914,2037,99400.0,92000.0,88700.0,90000.0
1915,1550,63800.0,63100.0,64300.0,63600.0
1916,283,166400.0,158100.0,158500.0,151900.0
1917,183,220300.0,211500.0,232400.0,213600.0
1918,2168,59000.0,55500.0,51900.0,54300.0
1919,921,190200.0,149400.0,140100.0,141400.0
1920,506,128500.0,127700.0,127400.0,124600.0
1921,516,90700.0,91600.0,100500.0,90000.0
1922,587,83400.0,82500.0,79400.0,75800.0
1923,87,260200.0,239500.0,274600.0,245800.0
1924,201,110200.0,117500.0,124200.0,121100.0
1925,313,301800.0,293300.0,293300.0,290600.0
1926,320,121800.0,127000.0,125200.0,125100.0
1927,1684,131300.0,128000.0,140100.0,132600.0
1928,1308,223200.0,205900.0,204200.0,188500.0
1929,558,124700.0,124100.0,122400.0,123500.0
1930,532,187500.0,184600.0,184300.0,185600.0
1931,304,195500.0,190700.0,187400.0,178100.0
1932,115,192500.0,175900.0,216300.0,173000.0
1933,1206,164400.0,164000.0,197000.0,175000.0
1934,586,228000.0,220700.0,210000.0,206600.0
1935,122,232700.0,226500.0,230700.0,221700.0
1936,573,116400.0,113700.0,112500.0,111200.0
1937,856,119600.0,117200.0,110100.0,111700.0
1938,2028,87063.0,84052.0,83157.0,78702.0
1939,1445,85600.0,83700.0,79600.0,80000.0
1940,2069,87200.0,80500.0,68000.0,68100.0
1941,1159,41800.0,31500.0,36400.0,30200.0
1942,2239,87100.0,96800.0,80400.0,83300.0
1943,321,83700.0,80400.0,79200.0,77300.0
1944,392,104200.0,105900.0,108300.0,107200.0
1945,340,113400.0,111200.0,116900.0,114100.0
1946,570,146500.0,143200.0,141100.0,141800.0
1947,1903,52200.0,54400.0,59400.0,61500.0
1948,664,71206.0,75958.0,72978.0,71277.0
1949,903,147700.0,138100.0,132300.0,132100.0
1950,1671,63700.0,64100.0,66800.0,65100.0
1951,1240,117700.0,115800.0,113300.0,103100.0
1952,1245,172700.0,167300.0,167600.0,157300.0
1953,711,74700.0,74400.0,72200.0,70600.0
1954,2474,44900.0,44300.0,48200.0,47300.0
1955,173,169700.0,162700.0,191400.0,173900.0
1956,1761,95600.0,93900.0,93200.0,93000.0
1957,2210,145400.0,146500.0,157500.0,153400.0
1958,2513,185100.0,186700.0,192500.0,187800.0
1959,32,530600.0,522400.0,511600.0,489500.0
1960,131,108800.0,105600.0,112200.0,107200.0
1961,956,169100.0,160900.0,159700.0,159300.0
1962,1704,73700.0,69100.0,65300.0,64800.0
1963,1603,92300.0,90100.0,98200.0,92600.0
1964,209,260600.0,253200.0,257200.0,244200.0
1965,3043,107071.0,104247.0,111991.0,107350.0
1966,2692,92900.0,112300.0,85700.0,90800.0
1967,448,97700.0,95400.0,100200.0,94200.0
1968,1765,150900.0,131300.0,130000.0,121800.0
1969,1809,69100.0,68700.0,71500.0,72200.0
1970,1787,77000.0,73200.0,78300.0,74000.0
1971,1484,81800.0,81500.0,75600.0,79700.0
1972,1360,102500.0,90700.0,91900.0,83800.0
1973,1692,119700.0,118900.0,119300.0,119100.0
1974,1322,79700.0,78700.0,76100.0,75300.0
1975,380,156400.0,138900.0,133500.0,127300.0
1976,2310,49000.0,49000.0,51500.0,49500.0
1977,2693,58500.0,57600.0,54800.0,55800.0
1978,1444,119300.0,107900.0,110300.0,109900.0
1979,1180,195700.0,180300.0,177800.0,167100.0
1980,2491,55000.0,55000.0,54900.0,55000.0
1981,2223,90800.0,96800.0,151500.0,132100.0
1982,716,79100.0,78900.0,80400.0,78700.0
1983,1013,233500.0,220400.0,224700.0,217400.0
1984,1456,86700.0,80800.0,75800.0,71800.0
1985,226,304600.0,299500.0,332600.0,300600.0
1986,1200,181800.0,180400.0,193100.0,184500.0
1987,432,122800.0,120400.0,116900.0,114900.0
1988,341,178200.0,173700.0,184400.0,172600.0
1989,1585,178900.0,176100.0,195100.0,180700.0
1990,831,197200.0,184600.0,191800.0,190300.0
1991,329,171600.0,164500.0,148000.0,147500.0
1992,644,186900.0,175300.0,170300.0,169700.0
1993,546,175300.0,176600.0,178400.0,176600.0
1994,2899,67000.0,67000.0,66900.0,66900.0
1995,2700,77100.0,77500.0,77400.0,77400.0
1996,1219,111600.0,103800.0,86700.0,85900.0
1997,244,142100.0,144700.0,143600.0,144100.0
1998,580,134900.0,139500.0,136300.0,142200.0
1999,534,152600.0,150200.0,150700.0,151700.0
2000,315,116100.0,119300.0,112200.0,119500.0
2001,458,97400.0,98100.0,96700.0,96200.0
2002,415,84700.0,85100.0,87600.0,85900.0
2003,364,83400.0,86200.0,89200.0,87300.0
2004,1626,132100.0,136500.0,136500.0,151200.0
2005,2378,44606.0,46156.0,55648.0,55260.0
2006,924,72100.0,72700.0,82500.0,77300.0
2007,51,221300.0,214900.0,214400.0,202300.0
2008,581,254300.0,227500.0,217200.0,219900.0
2009,2229,88500.0,91900.0,96100.0,91500.0
2010,316,168500.0,164900.0,178900.0,163300.0
2011,1284,66800.0,64500.0,52200.0,46000.0
2012,670,93700.0,92300.0,91200.0,91200.0
2013,810,130800.0,132100.0,136700.0,137100.0
2014,797,109783.0,93715.0,108700.0,113000.0
2015,179,142400.0,141100.0,138300.0,136800.0
2016,374,207700.0,190600.0,196500.0,185100.0
2017,2488,128000.0,128400.0,139000.0,133000.0
2018,842,110100.0,110700.0,117200.0,113100.0
2019,199,194300.0,173500.0,206500.0,176300.0
2020,2190,79600.0,70000.0,80100.0,80400.0
2021,1294,188800.0,190600.0,199600.0,194500.0
2022,210,276800.0,250000.0,312100.0,253400.0
2023,216,217800.0,221700.0,222000.0,220100.0
2024,110,169300.0,159200.0,146400.0,148600.0
2025,189,140600.0,132800.0,136000.0,131400.0
2026,494,295900.0,277400.0,271700.0,267500.0
2027,2256,67000.0,66000.0,71500.0,67500.0
2028,467,151700.0,140500.0,183100.0,139100.0
2029,217,132700.0,115100.0,117500.0,107200.0
2030,2850,81000.0,81000.0,80800.0,80900.0
2031,2675,58800.0,59400.0,59400.0,59500.0
2032,2715,,,82800.0,82800.0
2033,2134,,,104600.0,105100.0
2034,2291,,,157600.0,157900.0
2035,3051,,,74900.0,71600.0
2036,2695,,,119400.0,
2037,2269,,,78500.0,80900.0
2038,2247,,,70100.0,71800.0
2039,2897,,,56000.0,52700.0
2040,2947,,,56900.0,58400.0
2041,2977,,,49700.0,48300.0
2042,2435,,,132200.0,126900.0
2043,2137,,,139600.0,139600.0
2044,2908,,,125400.0,124800.0
2045,2146,,,172300.0,164000.0
2046,2686,,,59800.0,59900.0
2047,2790,,,101900.0,101600.0
2048,2847,,,67500.0,69500.0
2049,2413,,,45500.0,
2050,2002,,,169300.0,171200.0
2051,1921,,,154700.0,
2052,2370,,,55900.0,55300.0
2053,2866,,,91800.0,95100.0
2054,3017,,,62100.0,64600.0
2055,2980,,,46000.0,46000.0
2056,3019,,,64500.0,64500.0
2057,2882,,,69000.0,70100.0
2058,2924,,,146800.0,145300.0
2059,1723,,,65800.0,50600.0
2060,3041,,,56100.0,58100.0
2061,2898,,,51300.0,50300.0
2062,2389,,,75800.0,77200.0
2063,2070,,,82300.0,89500.0
2064,2364,,,58600.0,50300.0
2065,2664,,,55900.0,61900.0
2066,2387,,,84200.0,85700.0
2067,3053,,,51800.0,51800.0
2068,3092,,,58400.0,58000.0
2069,2782,,,75000.0,71100.0
2070,2334,,,139400.0,131600.0
2071,2545,,,91400.0,89300.0
2072,2905,,,74900.0,74900.0
2073,3055,,,133000.0,129100.0
2074,3096,,,88300.0,87100.0
2075,2376,,,140800.0,133800.0
2076,2197,,,100400.0,94500.0
2077,2248,,,79500.0,76600.0
2078,3012,,,55100.0,55100.0
2079,2711,,,73500.0,65200.0
2080,2875,,,62400.0,62400.0
2081,2652,,,56800.0,48200.0
2082,2888,,,72700.0,73900.0
2083,2255,,,196300.0,182200.0
2084,3007,,,46500.0,49200.0
2085,3015,,,46400.0,46400.0
2086,1747,,,141000.0,141300.0
2087,2428,,,66300.0,66400.0
2088,2178,,,43100.0,
2089,3097,,,95200.0,93000.0
2090,1832,,,80800.0,56600.0
2091,1998,,,120800.0,118100.0
2092,2414,,,114800.0,113400.0
2093,2911,,,48500.0,48000.0
2094,2886,,,86700.0,87000.0
2095,2626,,,58500.0,57800.0
2096,2658,,,75800.0,69900.0
2097,2439,,,151200.0,136700.0
2098,2910,,,36800.0,34600.0
2099,2856,,,123100.0,121500.0
2100,2804,,,91400.0,81600.0
2101,2112,,,165500.0,155900.0
2102,3023,,,60800.0,60600.0
2103,3004,,,149500.0,141000.0
2104,2408,,,99300.0,94000.0
2105,2426,,,51200.0,53000.0
2106,1770,,,109100.0,111500.0
2107,2951,,,76500.0,74900.0
2108,2991,,,42500.0,40300.0
2109,3022,,,70200.0,70000.0
2110,2391,,,87700.0,75200.0
2111,1105,,,81800.0,84000.0
2112,2917,,,160900.0,154700.0
2113,2961,,,88100.0,84500.0
2114,2554,,,39900.0,38200.0
2115,2945,,,105600.0,97200.0
2116,2277,,,140800.0,138800.0
2117,2842,,,57800.0,62400.0
2118,2949,,,137700.0,134700.0
2119,2873,,,100000.0,95600.0
2120,1672,,,101500.0,
2121,2226,,,59600.0,65600.0
2122,3062,,,92700.0,89200.0
2123,1943,,,53300.0,66000.0
2124,2680,,,68000.0,76500.0
2125,2746,,,52900.0,48900.0
2126,3005,,,46000.0,47200.0
2127,2116,,,58500.0,51700.0
2128,3044,,,139300.0,136700.0
2129,2970,,,86600.0,86000.0
2130,2867,,,61800.0,67600.0
2131,2952,,,81400.0,77100.0
2132,2406,,,70600.0,69300.0
2133,2939,,,89700.0,84500.0
2134,2981,,,50400.0,47600.0
2135,3025,,,83700.0,81300.0
2136,2954,,,69700.0,70700.0
2137,2600,,,60900.0,61200.0
2138,1101,,,45900.0,47200.0
2139,2299,,,29200.0,28200.0
2140,2726,,,104300.0,104100.0
2141,2055,,,65500.0,66000.0
2142,2180,,,60300.0,64100.0
2143,2998,,,53900.0,55400.0
2144,1799,,,87300.0,87400.0
2145,2922,,,57100.0,55300.0
2146,2323,,,65700.0,68100.0
2147,2874,,,63500.0,63700.0
2148,2179,,,67900.0,65200.0
2149,2953,,,62400.0,61200.0
2150,2976,,,50200.0,49900.0
2151,2326,,,224100.0,224300.0
2152,2913,,,66300.0,67300.0
2153,2608,,,84600.0,
2154,643,,,108300.0,101275.0
2155,1666,,,64500.0,
2156,2865,,,61400.0,63600.0
2157,2840,,,89100.0,86400.0
2158,325,,,101300.0,70400.0
2159,2625,,,65700.0,63500.0
2160,2436,,,78500.0,78500.0
2161,2412,,,192500.0,163900.0
2162,2956,,,118100.0,114800.0
2163,1463,,,110600.0,104200.0
2164,2872,,,80500.0,80900.0
2165,2090,,,58400.0,59200.0
2166,1487,,,113300.0,117400.0
2167,2928,,,58700.0,58300.0
2168,2871,,,81400.0,78000.0
2169,2127,,,52500.0,51500.0
2170,2303,,,126400.0,125000.0
2171,2972,,,50800.0,51000.0
2172,1820,,,65700.0,
2173,2433,,,79900.0,79900.0
2174,1676,,,92800.0,92700.0
2175,2423,,,61200.0,62600.0
2176,2284,,,68400.0,63300.0
2177,1944,,,176500.0,
2178,1592,,,71700.0,70600.0
2179,1566,,,109200.0,105600.0
2180,2437,,,55800.0,56400.0
2181,2244,,,81800.0,78200.0
2182,2959,,,121000.0,110000.0
2183,1882,,,94600.0,93800.0
2184,2915,,,142200.0,138900.0
2185,2185,,,83900.0,107000.0
2186,3071,,,114600.0,110800.0
2187,2003,,,69100.0,68900.0
2188,2202,,,65600.0,81700.0
2189,2777,,,74000.0,69800.0
2190,1047,,,41300.0,42400.0
2191,2941,,,65000.0,64100.0
2192,2884,,,63900.0,63900.0
2193,2535,,,101800.0,99900.0
2194,2931,,,95700.0,90300.0
2195,2793,,,75200.0,73700.0
2196,2672,,,122100.0,122000.0
2197,2854,,,75800.0,75900.0
2198,2940,,,50900.0,51800.0
2199,2357,,,51800.0,56600.0
2200,2452,,,419000.0,419200.0
2201,2877,,,210000.0,203600.0
2202,1982,,,152200.0,149500.0
2203,2938,,,59500.0,60400.0
2204,2371,,,130200.0,125700.0
2205,2996,,,54500.0,57900.0
2206,2345,,,246200.0,246600.0
2207,1071,,,85900.0,78900.0
2208,3087,,,140700.0,136800.0
2209,1522,,,92600.0,
2210,2849,,,182100.0,165700.0
2211,1999,,,96600.0,105400.0
2212,2691,,,92700.0,88400.0
2213,2943,,,81900.0,82900.0
2214,2016,,,82500.0,80600.0
2215,2988,,,67500.0,64300.0
2216,2912,,,52700.0,48800.0
2217,2987,,,129500.0,127400.0
2218,2920,,,70200.0,70500.0
2219,1681,,,102800.0,100100.0
2220,2044,,,74800.0,74900.0
2221,2973,,,52000.0,52700.0
2222,2079,,,136100.0,189000.0
2223,2957,,,53900.0,53900.0
2224,2926,,,88100.0,86200.0
2225,2779,,,37900.0,48000.0
2226,2184,,,81300.0,82300.0
2227,2891,,,63900.0,63900.0
2228,1699,,,246400.0,308100.0
2229,2712,,,124100.0,123800.0
2230,2434,,,134100.0,130600.0
2231,2889,,,95900.0,95300.0
2232,2224,,,73600.0,91700.0
2233,2934,,,131400.0,128200.0
2234,1935,,,81200.0,78200.0
2235,2742,,,73600.0,77100.0
2236,1497,,,68800.0,62500.0
2237,2733,,,88000.0,84900.0
2238,2194,,,124800.0,133000.0
2239,2955,,,82900.0,87700.0
2240,2417,,,128300.0,128200.0
2241,2765,,,62200.0,62400.0
2242,2900,,,100800.0,100400.0
2243,2925,,,70200.0,66900.0
2244,1798,,,79000.0,78500.0
2245,2342,,,77100.0,74600.0
2246,1653,,,68600.0,69000.0
2247,2678,,,76600.0,77000.0
2248,2705,,,70900.0,70000.0
2249,2418,,,150800.0,144800.0
2250,1571,,,212900.0,207000.0
2251,2367,,,56000.0,56900.0
2252,2250,,,76900.0,82900.0
2253,2995,,,53000.0,53400.0
2254,1878,,,81800.0,96400.0
2255,2322,,,64100.0,66900.0
2256,2890,,,82100.0,75700.0
